"GEOID","multinom","rf","growth_prob","consensus"
"170310101002","Growth","Growth",1,"3"
"170310101003","Growth","Growth",1,"3"
"170310102011","Growth","Growth",1,"3"
"170310102012","Growth","Growth",1,"3"
"170310102013","Decline","Decline",1.17985311410095e-285,"1"
"170310102014","Growth","Growth",1,"3"
"170310102021","Growth","Growth",1,"3"
"170310102022","Growth","Growth",1,"3"
"170310103001","Stable","Stable",1.45662443713627e-214,"2"
"170310103002","Growth","Growth",1,"3"
"170310103003","Growth","Growth",1,"3"
"170310103004","Growth","Growth",1,"3"
"170310104001","Growth","Growth",1,"3"
"170310104002","Stable","Stable",6.03074565667598e-166,"2"
"170310105012","Growth","Growth",1,"3"
"170310105013","Growth","Growth",1,"3"
"170310105021","Growth","Growth",1,"3"
"170310105022","Growth","Growth",1,"3"
"170310105031","Growth","Growth",1,"3"
"170310105032","Growth","Growth",1,"3"
"170310106001","Growth","Growth",1,"3"
"170310106002","Growth","Growth",1,"3"
"170310106003","Growth","Growth",1,"3"
"170310106004","Growth","Growth",1,"3"
"170310107012","Growth","Growth",1,"3"
"170310107021","Growth","Growth",1,"3"
"170310107022","Growth","Growth",1,"3"
"170310107023","Growth","Growth",1,"3"
"170310107024","Growth","Growth",1,"3"
"170310201001","Growth","Growth",1,"3"
"170310201002","Growth","Growth",1,"3"
"170310202001","Decline","Decline",0,"1"
"170310202002","Growth","Growth",1,"3"
"170310202003","Growth","Growth",1,"3"
"170310202004","Growth","Growth",1,"3"
"170310203011","Growth","Growth",1,"3"
"170310203012","Growth","Growth",1,"3"
"170310203013","Growth","Growth",1,"3"
"170310203021","Growth","Growth",1,"3"
"170310203022","Stable","Stable",0,"2"
"170310203023","Growth","Growth",1,"3"
"170310204001","Growth","Growth",1,"3"
"170310204002","Growth","Growth",1,"3"
"170310204003","Growth","Growth",1,"3"
"170310205001","Growth","Growth",1,"3"
"170310205002","Growth","Growth",1,"3"
"170310206011","Growth","Growth",1,"3"
"170310206012","Growth","Growth",1,"3"
"170310206013","Decline","Decline",0,"1"
"170310206021","Growth","Growth",1,"3"
"170310206023","Growth","Growth",1,"3"
"170310207011","Growth","Growth",1,"3"
"170310207012","Growth","Growth",1,"3"
"170310207022","Growth","Growth",1,"3"
"170310207023","Growth","Growth",1,"3"
"170310207024","Growth","Growth",1,"3"
"170310208011","Growth","Growth",1,"3"
"170310208012","Stable","Stable",2.3689465758934e-294,"2"
"170310208013","Growth","Growth",1,"3"
"170310208014","Growth","Growth",1,"3"
"170310208021","Growth","Growth",1,"3"
"170310208022","Growth","Growth",1,"3"
"170310208023","Growth","Growth",1,"3"
"170310208024","Growth","Growth",1,"3"
"170310209011","Growth","Growth",1,"3"
"170310209013","Growth","Growth",1,"3"
"170310209021","Growth","Growth",1,"3"
"170310209022","Growth","Growth",1,"3"
"170310301011","Stable","Stable",1.45197954573261e-126,"2"
"170310301012","Growth","Growth",1,"3"
"170310301013","Growth","Growth",1,"3"
"170310301014","Growth","Growth",1,"3"
"170310301021","Growth","Growth",1,"3"
"170310301022","Growth","Growth",1,"3"
"170310301023","Growth","Growth",1,"3"
"170310301032","Growth","Growth",1,"3"
"170310301041","Growth","Growth",1,"3"
"170310302001","Growth","Growth",1,"3"
"170310302002","Decline","Decline",0,"1"
"170310302003","Growth","Growth",1,"3"
"170310302004","Growth","Growth",1,"3"
"170310303001","Growth","Growth",1,"3"
"170310304001","Growth","Growth",1,"3"
"170310304002","Growth","Growth",1,"3"
"170310305001","Growth","Growth",1,"3"
"170310305002","Growth","Growth",1,"3"
"170310305003","Growth","Growth",1,"3"
"170310305004","Growth","Growth",1,"3"
"170310306011","Growth","Growth",1,"3"
"170310306013","Growth","Growth",1,"3"
"170310306031","Growth","Growth",1,"3"
"170310306032","Growth","Growth",1,"3"
"170310306041","Growth","Growth",1,"3"
"170310306042","Growth","Growth",1,"3"
"170310306043","Growth","Growth",1,"3"
"170310307011","Growth","Growth",1,"3"
"170310307021","Growth","Growth",1,"3"
"170310307022","Growth","Growth",1,"3"
"170310307031","Growth","Growth",1,"3"
"170310307032","Stable","Stable",8.49772288651476e-74,"2"
"170310307033","Growth","Growth",1,"3"
"170310307061","Growth","Growth",1,"3"
"170310307062","Growth","Growth",1,"3"
"170310308001","Growth","Growth",1,"3"
"170310308002","Growth","Growth",1,"3"
"170310308003","Growth","Growth",1,"3"
"170310308004","Growth","Growth",1,"3"
"170310309001","Growth","Growth",1,"3"
"170310309002","Growth","Growth",1,"3"
"170310309004","Growth","Growth",1,"3"
"170310310001","Growth","Growth",1,"3"
"170310310002","Growth","Growth",1,"3"
"170310310003","Growth","Growth",1,"3"
"170310311001","Growth","Growth",1,"3"
"170310311003","Growth","Growth",1,"3"
"170310312001","Decline","Decline",0,"1"
"170310312003","Growth","Growth",1,"3"
"170310313001","Decline","Decline",0,"1"
"170310313002","Growth","Growth",1,"3"
"170310313004","Growth","Growth",1,"3"
"170310313005","Growth","Growth",1,"3"
"170310314001","Growth","Growth",1,"3"
"170310314002","Decline","Decline",0,"1"
"170310314003","Growth","Growth",1,"3"
"170310314005","Stable","Stable",4.06524403543113e-07,"2"
"170310314006","Growth","Growth",1,"3"
"170310315013","Growth","Growth",1,"3"
"170310315021","Growth","Growth",1,"3"
"170310315022","Growth","Growth",1,"3"
"170310317001","Growth","Growth",1,"3"
"170310317003","Growth","Growth",1,"3"
"170310317004","Growth","Growth",1,"3"
"170310318001","Growth","Growth",1,"3"
"170310319001","Growth","Growth",1,"3"
"170310319002","Growth","Growth",1,"3"
"170310321001","Growth","Growth",1,"3"
"170310321003","Growth","Growth",1,"3"
"170310321004","Growth","Growth",1,"3"
"170310401001","Growth","Growth",1,"3"
"170310401002","Growth","Growth",1,"3"
"170310401003","Growth","Growth",1,"3"
"170310402011","Growth","Growth",1,"3"
"170310402012","Growth","Growth",1,"3"
"170310402013","Growth","Growth",1,"3"
"170310402014","Growth","Growth",1,"3"
"170310402022","Growth","Growth",1,"3"
"170310402024","Growth","Growth",1,"3"
"170310403001","Growth","Growth",1,"3"
"170310403002","Decline","Decline",0,"1"
"170310403003","Growth","Growth",1,"3"
"170310404011","Growth","Growth",1,"3"
"170310404012","Growth","Growth",1,"3"
"170310404013","Growth","Growth",1,"3"
"170310404014","Growth","Growth",1,"3"
"170310404022","Growth","Growth",1,"3"
"170310404023","Growth","Growth",1,"3"
"170310404024","Decline","Decline",0,"1"
"170310404025","Growth","Growth",1,"3"
"170310406002","Growth","Growth",1,"3"
"170310406003","Growth","Growth",1,"3"
"170310407001","Growth","Growth",1,"3"
"170310407002","Growth","Growth",1,"3"
"170310407003","Growth","Growth",1,"3"
"170310407004","Growth","Growth",1,"3"
"170310408001","Growth","Growth",1,"3"
"170310408002","Growth","Growth",1,"3"
"170310409001","Growth","Growth",1,"3"
"170310409002","Growth","Growth",1,"3"
"170310501001","Growth","Growth",1,"3"
"170310501002","Growth","Growth",1,"3"
"170310502001","Growth","Growth",1,"3"
"170310502002","Growth","Growth",1,"3"
"170310502003","Growth","Growth",1,"3"
"170310503001","Growth","Growth",1,"3"
"170310503002","Growth","Growth",1,"3"
"170310503003","Growth","Growth",1,"3"
"170310505001","Stable","Stable",0,"2"
"170310505002","Growth","Growth",1,"3"
"170310505003","Growth","Growth",1,"3"
"170310505004","Growth","Growth",1,"3"
"170310505005","Growth","Growth",1,"3"
"170310506001","Growth","Growth",1,"3"
"170310506002","Growth","Growth",1,"3"
"170310507001","Growth","Growth",1,"3"
"170310508001","Growth","Growth",1,"3"
"170310509001","Growth","Growth",1,"3"
"170310510001","Growth","Growth",1,"3"
"170310511001","Growth","Growth",1,"3"
"170310512001","Growth","Growth",1,"3"
"170310512002","Growth","Growth",1,"3"
"170310513001","Decline","Decline",0,"1"
"170310513002","Growth","Growth",1,"3"
"170310514001","Growth","Growth",1,"3"
"170310514002","Growth","Growth",1,"3"
"170310601001","Growth","Growth",1,"3"
"170310601002","Growth","Growth",1,"3"
"170310601003","Growth","Growth",1,"3"
"170310602001","Growth","Growth",1,"3"
"170310602002","Growth","Growth",1,"3"
"170310603001","Growth","Growth",1,"3"
"170310603002","Growth","Growth",1,"3"
"170310604001","Growth","Growth",1,"3"
"170310604002","Growth","Growth",1,"3"
"170310604003","Growth","Growth",1,"3"
"170310605001","Growth","Growth",1,"3"
"170310608001","Growth","Growth",1,"3"
"170310608003","Growth","Growth",1,"3"
"170310608004","Stable","Stable",3.66210141390159e-296,"2"
"170310609001","Growth","Growth",1,"3"
"170310609003","Growth","Growth",1,"3"
"170310609004","Decline","Decline",0,"1"
"170310609005","Growth","Growth",1,"3"
"170310609006","Stable","Stable",0,"2"
"170310610001","Growth","Growth",1,"3"
"170310611001","Growth","Growth",1,"3"
"170310612001","Growth","Growth",1,"3"
"170310615001","Growth","Growth",1,"3"
"170310618001","Growth","Growth",1,"3"
"170310619011","Decline","Decline",0,"1"
"170310619012","Growth","Growth",1,"3"
"170310619013","Growth","Growth",1,"3"
"170310619021","Growth","Growth",1,"3"
"170310619022","Growth","Growth",1,"3"
"170310619023","Growth","Growth",1,"3"
"170310620001","Growth","Growth",1,"3"
"170310620002","Growth","Growth",1,"3"
"170310621001","Growth","Growth",1,"3"
"170310621002","Stable","Stable",4.19364710518515e-112,"2"
"170310621003","Growth","Growth",1,"3"
"170310622001","Growth","Growth",1,"3"
"170310622002","Growth","Growth",1,"3"
"170310623001","Growth","Growth",1,"3"
"170310624001","Growth","Growth",1,"3"
"170310625001","Growth","Growth",1,"3"
"170310626001","Growth","Growth",1,"3"
"170310627001","Growth","Growth",1,"3"
"170310627002","Growth","Growth",1,"3"
"170310627003","Growth","Growth",1,"3"
"170310628001","Decline","Decline",0,"1"
"170310628002","Growth","Growth",1,"3"
"170310628003","Growth","Growth",1,"3"
"170310629001","Growth","Growth",1,"3"
"170310629002","Growth","Growth",1,"3"
"170310629003","Growth","Growth",1,"3"
"170310630001","Stable","Stable",6.21846667419805e-166,"2"
"170310630002","Growth","Growth",1,"3"
"170310630003","Growth","Growth",1,"3"
"170310631001","Growth","Growth",1,"3"
"170310631002","Growth","Growth",1,"3"
"170310632001","Growth","Growth",1,"3"
"170310632003","Growth","Growth",1,"3"
"170310632004","Decline","Decline",0,"1"
"170310632005","Growth","Growth",1,"3"
"170310632006","Growth","Growth",1,"3"
"170310633011","Growth","Growth",1,"3"
"170310633012","Growth","Growth",1,"3"
"170310633021","Growth","Growth",1,"3"
"170310633022","Growth","Growth",1,"3"
"170310633023","Growth","Growth",1,"3"
"170310633024","Growth","Growth",1,"3"
"170310633031","Growth","Growth",1,"3"
"170310633032","Growth","Growth",1,"3"
"170310634001","Growth","Growth",1,"3"
"170310634002","Growth","Growth",1,"3"
"170310701011","Decline","Decline",0,"1"
"170310701012","Stable","Stable",1.36433477494418e-83,"2"
"170310701013","Growth","Growth",1,"3"
"170310701021","Growth","Growth",1,"3"
"170310701022","Growth","Growth",1,"3"
"170310701023","Stable","Stable",1.12894000074725e-319,"2"
"170310701031","Growth","Growth",1,"3"
"170310701032","Growth","Growth",1,"3"
"170310702001","Growth","Growth",1,"3"
"170310702002","Growth","Growth",1,"3"
"170310702003","Growth","Growth",1,"3"
"170310703001","Growth","Growth",1,"3"
"170310703002","Growth","Growth",1,"3"
"170310704002","Growth","Growth",1,"3"
"170310704003","Growth","Growth",1,"3"
"170310705001","Growth","Growth",1,"3"
"170310705002","Growth","Growth",1,"3"
"170310705003","Growth","Growth",1,"3"
"170310706001","Stable","Stable",0,"2"
"170310706002","Growth","Growth",1,"3"
"170310707001","Growth","Growth",1,"3"
"170310710002","Growth","Growth",1,"3"
"170310711001","Growth","Growth",1,"3"
"170310711002","Growth","Growth",1,"3"
"170310712001","Growth","Growth",1,"3"
"170310712002","Growth","Growth",1,"3"
"170310713001","Growth","Growth",1,"3"
"170310713002","Growth","Growth",1,"3"
"170310714002","Growth","Growth",1,"3"
"170310714003","Growth","Growth",1,"3"
"170310715001","Growth","Growth",1,"3"
"170310715002","Growth","Growth",1,"3"
"170310715003","Growth","Growth",1,"3"
"170310715005","Growth","Growth",1,"3"
"170310715006","Growth","Growth",1,"3"
"170310716001","Growth","Growth",1,"3"
"170310717001","Growth","Growth",1,"3"
"170310717002","Decline","Decline",0,"1"
"170310718001","Growth","Growth",1,"3"
"170310718002","Growth","Growth",1,"3"
"170310801001","Decline","Decline",0,"1"
"170310801002","Growth","Growth",1,"3"
"170310801003","Decline","Decline",0,"1"
"170310801004","Growth","Growth",1,"3"
"170310801005","Growth","Growth",1,"3"
"170310801006","Growth","Growth",1,"3"
"170310802011","Growth","Growth",1,"3"
"170310802012","Growth","Growth",1,"3"
"170310802013","Decline","Decline",0,"1"
"170310802021","Growth","Growth",1,"3"
"170310802022","Growth","Growth",1,"3"
"170310802023","Growth","Growth",1,"3"
"170310803001","Growth","Growth",1,"3"
"170310803002","Growth","Growth",1,"3"
"170310803003","Growth","Growth",1,"3"
"170310803004","Growth","Growth",1,"3"
"170310804001","Growth","Growth",1,"3"
"170310804003","Growth","Growth",1,"3"
"170310810001","Growth","Growth",1,"3"
"170310810002","Growth","Growth",1,"3"
"170310810003","Growth","Growth",1,"3"
"170310810006","Growth","Growth",1,"3"
"170310811001","Decline","Decline",0,"1"
"170310811003","Growth","Growth",1,"3"
"170310812012","Growth","Growth",1,"3"
"170310812013","Growth","Growth",1,"3"
"170310812021","Growth","Growth",1,"3"
"170310812022","Growth","Growth",1,"3"
"170310812023","Stable","Stable",1.0896599026124e-72,"2"
"170310812024","Growth","Growth",1,"3"
"170310813001","Stable","Stable",1.29353733607196e-246,"2"
"170310813003","Stable","Stable",0,"2"
"170310813004","Growth","Growth",1,"3"
"170310814011","Decline","Decline",0,"1"
"170310814021","Growth","Growth",1,"3"
"170310814022","Growth","Growth",1,"3"
"170310814023","Growth","Growth",1,"3"
"170310814031","Growth","Growth",1,"3"
"170310814032","Growth","Growth",1,"3"
"170310814033","Stable","Stable",7.56242495682707e-249,"2"
"170310815001","Growth","Growth",1,"3"
"170310815002","Growth","Growth",1,"3"
"170310815003","Growth","Growth",1,"3"
"170310816001","Growth","Growth",1,"3"
"170310816002","Growth","Growth",1,"3"
"170310817001","Growth","Growth",1,"3"
"170310817002","Growth","Growth",1,"3"
"170310818001","Growth","Growth",1,"3"
"170310818002","Growth","Growth",1,"3"
"170310818003","Growth","Growth",1,"3"
"170310818004","Growth","Growth",1,"3"
"170310819001","Growth","Growth",1,"3"
"170310901001","Growth","Growth",1,"3"
"170310901002","Growth","Growth",1,"3"
"170310901003","Growth","Growth",1,"3"
"170310901004","Growth","Growth",1,"3"
"170310902001","Growth","Growth",1,"3"
"170310902002","Growth","Growth",1,"3"
"170310902003","Growth","Growth",1,"3"
"170310902004","Growth","Growth",1,"3"
"170310902005","Growth","Growth",1,"3"
"170310903001","Growth","Growth",1,"3"
"170311001002","Growth","Growth",1,"3"
"170311001003","Growth","Growth",1,"3"
"170311001004","Growth","Growth",1,"3"
"170311001005","Decline","Decline",0,"1"
"170311002001","Growth","Growth",1,"3"
"170311002003","Growth","Growth",1,"3"
"170311002004","Growth","Growth",1,"3"
"170311002005","Growth","Growth",1,"3"
"170311002006","Growth","Growth",1,"3"
"170311003001","Growth","Growth",1,"3"
"170311003002","Growth","Growth",1,"3"
"170311003005","Growth","Growth",1,"3"
"170311003006","Growth","Growth",1,"3"
"170311004001","Growth","Growth",1,"3"
"170311004002","Growth","Growth",1,"3"
"170311004003","Growth","Growth",1,"3"
"170311005001","Growth","Growth",1,"3"
"170311005002","Growth","Growth",1,"3"
"170311005003","Growth","Growth",1,"3"
"170311005004","Stable","Stable",6.88398829528606e-111,"2"
"170311005005","Growth","Growth",1,"3"
"170311006001","Growth","Growth",1,"3"
"170311006002","Growth","Growth",1,"3"
"170311006003","Decline","Decline",0,"1"
"170311006004","Growth","Growth",1,"3"
"170311007001","Growth","Growth",1,"3"
"170311007002","Growth","Growth",1,"3"
"170311007003","Growth","Growth",1,"3"
"170311007004","Growth","Growth",1,"3"
"170311007005","Growth","Growth",1,"3"
"170311101001","Stable","Stable",9.22977584985948e-108,"2"
"170311101002","Growth","Growth",1,"3"
"170311101004","Growth","Growth",1,"3"
"170311101005","Decline","Decline",0,"1"
"170311102001","Stable","Stable",0,"2"
"170311102002","Stable","Stable",1.33633031176681e-52,"2"
"170311103001","Growth","Growth",1,"3"
"170311103002","Growth","Growth",1,"3"
"170311103003","Growth","Growth",1,"3"
"170311103004","Growth","Growth",1,"3"
"170311103005","Growth","Growth",1,"3"
"170311104001","Growth","Growth",1,"3"
"170311104002","Growth","Growth",1,"3"
"170311104003","Growth","Growth",1,"3"
"170311105011","Decline","Decline",0,"1"
"170311105012","Growth","Growth",1,"3"
"170311105013","Growth","Growth",1,"3"
"170311105014","Growth","Growth",1,"3"
"170311105015","Growth","Growth",1,"3"
"170311105021","Growth","Growth",1,"3"
"170311105022","Growth","Growth",1,"3"
"170311201001","Growth","Growth",1,"3"
"170311201002","Decline","Decline",0,"1"
"170311201003","Growth","Growth",1,"3"
"170311201004","Growth","Growth",1,"3"
"170311202001","Growth","Growth",1,"3"
"170311202002","Growth","Growth",1,"3"
"170311202003","Growth","Growth",1,"3"
"170311202004","Growth","Growth",1,"3"
"170311203001","Growth","Growth",1,"3"
"170311203002","Growth","Growth",1,"3"
"170311203003","Growth","Growth",1,"3"
"170311203004","Growth","Growth",1,"3"
"170311203005","Growth","Growth",1,"3"
"170311203006","Decline","Decline",0,"1"
"170311204001","Growth","Growth",1,"3"
"170311204002","Growth","Growth",1,"3"
"170311204003","Growth","Growth",1,"3"
"170311301001","Growth","Growth",1,"3"
"170311301002","Growth","Growth",1,"3"
"170311301003","Stable","Stable",3.6654157038173e-32,"2"
"170311302001","Growth","Growth",1,"3"
"170311303001","Decline","Decline",0,"1"
"170311303002","Growth","Growth",1,"3"
"170311303003","Growth","Growth",1,"3"
"170311303004","Growth","Growth",1,"3"
"170311401001","Growth","Growth",1,"3"
"170311401002","Growth","Growth",1,"3"
"170311402001","Growth","Growth",1,"3"
"170311402002","Growth","Growth",1,"3"
"170311402003","Growth","Growth",1,"3"
"170311403011","Growth","Growth",1,"3"
"170311403012","Growth","Growth",1,"3"
"170311403021","Growth","Growth",1,"3"
"170311403022","Growth","Growth",1,"3"
"170311403023","Growth","Growth",1,"3"
"170311404001","Stable","Stable",1.18256691594478e-272,"2"
"170311404002","Growth","Growth",1,"3"
"170311404004","Growth","Growth",1,"3"
"170311404005","Growth","Growth",1,"3"
"170311405001","Growth","Growth",1,"3"
"170311405002","Growth","Growth",1,"3"
"170311406011","Growth","Growth",1,"3"
"170311406021","Growth","Growth",1,"3"
"170311406022","Growth","Growth",1,"3"
"170311406023","Growth","Growth",1,"3"
"170311407011","Growth","Growth",1,"3"
"170311407012","Growth","Growth",1,"3"
"170311407021","Growth","Growth",1,"3"
"170311407022","Stable","Stable",8.49824647687397e-162,"2"
"170311407023","Growth","Growth",1,"3"
"170311407024","Growth","Growth",1,"3"
"170311408001","Growth","Growth",1,"3"
"170311408002","Growth","Growth",1,"3"
"170311408003","Growth","Growth",1,"3"
"170311408004","Growth","Growth",1,"3"
"170311408005","Stable","Stable",0,"2"
"170311502001","Growth","Growth",1,"3"
"170311502002","Growth","Growth",1,"3"
"170311502004","Growth","Growth",1,"3"
"170311502005","Growth","Growth",1,"3"
"170311503001","Stable","Stable",4.05133829589822e-322,"2"
"170311503002","Growth","Growth",1,"3"
"170311503003","Growth","Growth",1,"3"
"170311503004","Growth","Growth",1,"3"
"170311503005","Growth","Growth",1,"3"
"170311503006","Growth","Growth",1,"3"
"170311503007","Growth","Growth",1,"3"
"170311504011","Growth","Growth",1,"3"
"170311504012","Growth","Growth",1,"3"
"170311504013","Stable","Stable",5.76323035805123e-112,"2"
"170311504014","Growth","Growth",1,"3"
"170311504021","Growth","Growth",1,"3"
"170311504022","Growth","Growth",1,"3"
"170311504023","Growth","Growth",1,"3"
"170311505011","Growth","Growth",1,"3"
"170311505012","Growth","Growth",1,"3"
"170311505013","Growth","Growth",1,"3"
"170311505021","Growth","Growth",1,"3"
"170311505022","Growth","Growth",1,"3"
"170311505023","Growth","Growth",1,"3"
"170311506001","Growth","Growth",1,"3"
"170311506002","Growth","Growth",1,"3"
"170311506003","Growth","Growth",1,"3"
"170311507001","Decline","Decline",0,"1"
"170311507002","Growth","Growth",1,"3"
"170311507003","Growth","Growth",1,"3"
"170311507004","Growth","Growth",1,"3"
"170311508001","Growth","Growth",1,"3"
"170311508002","Growth","Growth",1,"3"
"170311508003","Growth","Growth",1,"3"
"170311508005","Stable","Stable",0,"2"
"170311510011","Growth","Growth",1,"3"
"170311510021","Growth","Growth",1,"3"
"170311510022","Growth","Growth",1,"3"
"170311510023","Growth","Growth",1,"3"
"170311510024","Growth","Growth",1,"3"
"170311511001","Growth","Growth",1,"3"
"170311511002","Stable","Stable",1.41421273683799e-53,"2"
"170311511003","Growth","Growth",1,"3"
"170311511004","Growth","Growth",1,"3"
"170311512001","Growth","Growth",1,"3"
"170311512002","Growth","Growth",1,"3"
"170311512003","Growth","Stable",0.999999999997179,"Disagreement"
"170311601001","Growth","Growth",1,"3"
"170311601002","Growth","Growth",1,"3"
"170311602001","Growth","Growth",1,"3"
"170311602002","Growth","Growth",1,"3"
"170311602004","Growth","Growth",1,"3"
"170311603001","Growth","Growth",1,"3"
"170311603002","Growth","Growth",1,"3"
"170311603003","Growth","Growth",1,"3"
"170311604001","Growth","Growth",1,"3"
"170311604002","Growth","Growth",1,"3"
"170311605011","Growth","Growth",1,"3"
"170311605012","Growth","Growth",1,"3"
"170311605021","Growth","Growth",1,"3"
"170311605022","Growth","Growth",1,"3"
"170311605023","Growth","Growth",1,"3"
"170311606011","Growth","Growth",1,"3"
"170311606012","Growth","Growth",1,"3"
"170311606013","Stable","Stable",1.97336476250253e-167,"2"
"170311606021","Growth","Growth",1,"3"
"170311606022","Growth","Growth",1,"3"
"170311606023","Growth","Growth",1,"3"
"170311607001","Decline","Decline",0,"1"
"170311607003","Stable","Stable",2.211939488165e-193,"2"
"170311607004","Growth","Growth",1,"3"
"170311608001","Growth","Growth",1,"3"
"170311608002","Growth","Growth",1,"3"
"170311608005","Growth","Growth",1,"3"
"170311609001","Growth","Growth",1,"3"
"170311609002","Growth","Growth",1,"3"
"170311610001","Growth","Growth",1,"3"
"170311610002","Growth","Growth",1,"3"
"170311611001","Growth","Growth",1,"3"
"170311611002","Growth","Growth",1,"3"
"170311612001","Growth","Growth",1,"3"
"170311612002","Growth","Growth",1,"3"
"170311613001","Growth","Growth",1,"3"
"170311613002","Growth","Growth",1,"3"
"170311613003","Growth","Growth",1,"3"
"170311613004","Growth","Growth",1,"3"
"170311701001","Growth","Growth",1,"3"
"170311702001","Growth","Growth",1,"3"
"170311702002","Growth","Growth",1,"3"
"170311702003","Decline","Decline",0,"1"
"170311703001","Growth","Growth",1,"3"
"170311703002","Growth","Growth",1,"3"
"170311703003","Growth","Growth",1,"3"
"170311703004","Growth","Growth",1,"3"
"170311703005","Growth","Growth",1,"3"
"170311704001","Growth","Growth",1,"3"
"170311704002","Growth","Growth",1,"3"
"170311704003","Growth","Growth",1,"3"
"170311704004","Growth","Growth",1,"3"
"170311705001","Decline","Decline",0,"1"
"170311705002","Growth","Growth",1,"3"
"170311705003","Growth","Growth",1,"3"
"170311705004","Decline","Decline",0,"1"
"170311706001","Growth","Growth",1,"3"
"170311706002","Growth","Growth",1,"3"
"170311707001","Growth","Growth",1,"3"
"170311707003","Growth","Growth",1,"3"
"170311708001","Growth","Growth",1,"3"
"170311708002","Growth","Growth",1,"3"
"170311708003","Growth","Growth",1,"3"
"170311709001","Growth","Growth",1,"3"
"170311710001","Decline","Decline",0,"1"
"170311710002","Growth","Growth",1,"3"
"170311710003","Growth","Growth",1,"3"
"170311710004","Growth","Growth",1,"3"
"170311710005","Stable","Stable",6.30215442561408e-90,"2"
"170311710006","Growth","Growth",1,"3"
"170311711001","Growth","Growth",1,"3"
"170311711002","Growth","Growth",1,"3"
"170311711003","Decline","Decline",0,"1"
"170311801001","Growth","Growth",1,"3"
"170311801002","Growth","Growth",1,"3"
"170311801003","Growth","Growth",1,"3"
"170311801004","Growth","Growth",1,"3"
"170311801005","Growth","Growth",1,"3"
"170311901001","Growth","Growth",1,"3"
"170311902001","Growth","Growth",1,"3"
"170311902003","Growth","Growth",1,"3"
"170311902004","Growth","Growth",1,"3"
"170311903001","Growth","Growth",1,"3"
"170311903002","Growth","Growth",1,"3"
"170311903003","Growth","Growth",1,"3"
"170311903004","Growth","Growth",1,"3"
"170311904012","Growth","Growth",1,"3"
"170311904021","Stable","Stable",1.9460832957914e-137,"2"
"170311904022","Growth","Growth",1,"3"
"170311906012","Growth","Growth",1,"3"
"170311906013","Growth","Growth",1,"3"
"170311906021","Growth","Growth",1,"3"
"170311906022","Growth","Growth",1,"3"
"170311906023","Growth","Growth",1,"3"
"170311907011","Growth","Growth",1,"3"
"170311907012","Growth","Growth",1,"3"
"170311907021","Growth","Growth",1,"3"
"170311907022","Growth","Growth",1,"3"
"170311907023","Growth","Growth",1,"3"
"170311908003","Growth","Growth",1,"3"
"170311908004","Growth","Growth",1,"3"
"170311908005","Decline","Decline",0,"1"
"170311909001","Growth","Growth",1,"3"
"170311910001","Decline","Decline",0,"1"
"170311910002","Growth","Growth",1,"3"
"170311911001","Growth","Growth",1,"3"
"170311911003","Decline","Decline",0,"1"
"170311911004","Growth","Growth",1,"3"
"170311911005","Growth","Growth",1,"3"
"170311912001","Growth","Growth",1,"3"
"170311913011","Growth","Growth",1,"3"
"170311913012","Growth","Growth",1,"3"
"170311913013","Growth","Growth",1,"3"
"170311913021","Growth","Growth",1,"3"
"170311913022","Growth","Growth",1,"3"
"170312001001","Growth","Growth",1,"3"
"170312001002","Growth","Growth",1,"3"
"170312001003","Growth","Growth",1,"3"
"170312002002","Growth","Growth",1,"3"
"170312002003","Growth","Growth",1,"3"
"170312002004","Growth","Growth",1,"3"
"170312003001","Stable","Stable",2.16366818675846e-158,"2"
"170312003002","Growth","Growth",1,"3"
"170312004011","Growth","Growth",1,"3"
"170312004012","Growth","Growth",1,"3"
"170312004021","Growth","Growth",1,"3"
"170312004022","Growth","Growth",1,"3"
"170312004023","Growth","Growth",1,"3"
"170312101001","Growth","Growth",1,"3"
"170312101002","Growth","Growth",1,"3"
"170312101003","Growth","Growth",1,"3"
"170312104001","Growth","Growth",1,"3"
"170312104002","Growth","Growth",1,"3"
"170312105011","Growth","Growth",1,"3"
"170312105012","Growth","Growth",1,"3"
"170312105021","Growth","Growth",1,"3"
"170312105022","Growth","Growth",1,"3"
"170312105023","Growth","Growth",1,"3"
"170312106011","Growth","Growth",1,"3"
"170312106012","Growth","Growth",1,"3"
"170312106013","Growth","Growth",1,"3"
"170312106021","Growth","Growth",1,"3"
"170312106022","Growth","Growth",1,"3"
"170312106023","Growth","Growth",1,"3"
"170312107001","Growth","Growth",1,"3"
"170312107002","Growth","Growth",1,"3"
"170312107003","Growth","Growth",1,"3"
"170312108001","Growth","Growth",1,"3"
"170312109001","Growth","Growth",1,"3"
"170312109002","Growth","Growth",1,"3"
"170312203001","Growth","Growth",1,"3"
"170312203002","Growth","Growth",1,"3"
"170312204001","Growth","Growth",1,"3"
"170312204002","Growth","Growth",1,"3"
"170312205001","Growth","Growth",1,"3"
"170312205002","Growth","Growth",1,"3"
"170312205003","Growth","Growth",1,"3"
"170312206011","Growth","Growth",1,"3"
"170312206012","Growth","Growth",1,"3"
"170312206022","Decline","Decline",0,"1"
"170312206024","Growth","Growth",1,"3"
"170312206025","Growth","Growth",1,"3"
"170312207011","Growth","Growth",1,"3"
"170312207013","Growth","Growth",1,"3"
"170312207021","Growth","Growth",1,"3"
"170312207022","Growth","Growth",1,"3"
"170312207023","Growth","Growth",1,"3"
"170312209011","Growth","Growth",1,"3"
"170312209012","Growth","Growth",1,"3"
"170312209013","Growth","Growth",1,"3"
"170312209021","Growth","Growth",1,"3"
"170312209022","Growth","Growth",1,"3"
"170312210001","Growth","Growth",1,"3"
"170312210002","Growth","Growth",1,"3"
"170312211001","Growth","Growth",1,"3"
"170312211002","Growth","Growth",1,"3"
"170312211003","Growth","Growth",1,"3"
"170312212001","Growth","Growth",1,"3"
"170312212002","Growth","Growth",1,"3"
"170312213001","Growth","Growth",1,"3"
"170312213002","Growth","Growth",1,"3"
"170312213003","Growth","Growth",1,"3"
"170312214001","Growth","Growth",1,"3"
"170312214002","Growth","Growth",1,"3"
"170312214003","Growth","Growth",1,"3"
"170312215001","Growth","Growth",1,"3"
"170312215002","Growth","Growth",1,"3"
"170312216001","Growth","Growth",1,"3"
"170312216002","Growth","Growth",1,"3"
"170312222001","Growth","Growth",1,"3"
"170312222002","Growth","Growth",1,"3"
"170312225001","Growth","Growth",1,"3"
"170312226001","Growth","Growth",1,"3"
"170312227001","Growth","Growth",1,"3"
"170312227002","Growth","Growth",1,"3"
"170312228001","Growth","Growth",1,"3"
"170312229001","Growth","Growth",1,"3"
"170312301001","Growth","Growth",1,"3"
"170312302001","Growth","Growth",1,"3"
"170312303001","Growth","Growth",1,"3"
"170312304001","Growth","Growth",1,"3"
"170312304002","Growth","Growth",1,"3"
"170312305001","Growth","Growth",1,"3"
"170312306001","Growth","Growth",1,"3"
"170312306003","Growth","Growth",1,"3"
"170312306005","Growth","Growth",1,"3"
"170312306006","Growth","Growth",1,"3"
"170312307001","Decline","Decline",0,"1"
"170312307002","Decline","Decline",0,"1"
"170312307003","Growth","Growth",1,"3"
"170312307004","Stable","Stable",6.29865135598284e-207,"2"
"170312308001","Growth","Growth",1,"3"
"170312309001","Growth","Growth",1,"3"
"170312309002","Growth","Growth",1,"3"
"170312309003","Growth","Growth",1,"3"
"170312311001","Growth","Growth",1,"3"
"170312312001","Growth","Growth",1,"3"
"170312312002","Decline","Decline",0,"1"
"170312312003","Growth","Growth",1,"3"
"170312312005","Growth","Growth",1,"3"
"170312315002","Growth","Growth",1,"3"
"170312315003","Decline","Decline",0,"1"
"170312402001","Growth","Growth",1,"3"
"170312403001","Growth","Growth",1,"3"
"170312405001","Growth","Growth",1,"3"
"170312406001","Growth","Growth",1,"3"
"170312407001","Growth","Growth",1,"3"
"170312408001","Growth","Growth",1,"3"
"170312408002","Growth","Growth",1,"3"
"170312409001","Growth","Growth",1,"3"
"170312410001","Growth","Growth",1,"3"
"170312410002","Growth","Growth",1,"3"
"170312411001","Growth","Growth",1,"3"
"170312411002","Growth","Growth",1,"3"
"170312412001","Growth","Growth",1,"3"
"170312412002","Growth","Growth",1,"3"
"170312413001","Growth","Growth",1,"3"
"170312414002","Growth","Growth",1,"3"
"170312414003","Growth","Growth",1,"3"
"170312414004","Growth","Growth",1,"3"
"170312415001","Growth","Growth",1,"3"
"170312415002","Growth","Growth",1,"3"
"170312415003","Growth","Growth",1,"3"
"170312416001","Growth","Growth",1,"3"
"170312416002","Growth","Growth",1,"3"
"170312420001","Growth","Growth",1,"3"
"170312420002","Growth","Growth",1,"3"
"170312420003","Growth","Growth",1,"3"
"170312421001","Growth","Growth",1,"3"
"170312421002","Growth","Growth",1,"3"
"170312421003","Growth","Growth",1,"3"
"170312422001","Growth","Growth",1,"3"
"170312422002","Growth","Growth",1,"3"
"170312423001","Growth","Growth",1,"3"
"170312423002","Growth","Growth",1,"3"
"170312424001","Growth","Growth",1,"3"
"170312424002","Growth","Growth",1,"3"
"170312425001","Growth","Growth",1,"3"
"170312425002","Growth","Growth",1,"3"
"170312426001","Growth","Growth",1,"3"
"170312426002","Growth","Growth",1,"3"
"170312426003","Growth","Growth",1,"3"
"170312426004","Growth","Growth",1,"3"
"170312427001","Growth","Growth",1,"3"
"170312428001","Growth","Growth",1,"3"
"170312429001","Growth","Growth",1,"3"
"170312429002","Growth","Growth",1,"3"
"170312430001","Growth","Growth",1,"3"
"170312430002","Growth","Growth",1,"3"
"170312431001","Growth","Growth",1,"3"
"170312431002","Decline","Decline",0,"1"
"170312432002","Decline","Decline",0,"1"
"170312433001","Growth","Growth",1,"3"
"170312433002","Growth","Growth",1,"3"
"170312434001","Growth","Growth",1,"3"
"170312434003","Growth","Growth",1,"3"
"170312435001","Growth","Growth",1,"3"
"170312435002","Growth","Growth",1,"3"
"170312502001","Growth","Growth",1,"3"
"170312502002","Stable","Stable",6.36229401169405e-133,"2"
"170312503001","Growth","Growth",1,"3"
"170312503003","Growth","Growth",1,"3"
"170312503004","Growth","Growth",1,"3"
"170312504001","Growth","Growth",1,"3"
"170312504002","Growth","Growth",1,"3"
"170312504003","Growth","Growth",1,"3"
"170312504004","Growth","Growth",1,"3"
"170312504005","Growth","Growth",1,"3"
"170312505001","Growth","Growth",1,"3"
"170312505002","Stable","Stable",1.37539172267228e-187,"2"
"170312505003","Growth","Growth",1,"3"
"170312505004","Growth","Growth",1,"3"
"170312505006","Growth","Growth",1,"3"
"170312505007","Growth","Growth",1,"3"
"170312506001","Growth","Growth",1,"3"
"170312506002","Growth","Growth",1,"3"
"170312507003","Growth","Growth",1,"3"
"170312507004","Growth","Growth",1,"3"
"170312508001","Growth","Growth",1,"3"
"170312508002","Growth","Growth",1,"3"
"170312510001","Growth","Growth",1,"3"
"170312511001","Growth","Growth",1,"3"
"170312511002","Growth","Growth",1,"3"
"170312511004","Growth","Growth",1,"3"
"170312512004","Growth","Growth",1,"3"
"170312513001","Growth","Growth",1,"3"
"170312513002","Growth","Growth",1,"3"
"170312513003","Growth","Growth",1,"3"
"170312513004","Growth","Growth",1,"3"
"170312513005","Growth","Growth",1,"3"
"170312514001","Decline","Decline",0,"1"
"170312514002","Decline","Decline",0,"1"
"170312514003","Decline","Decline",0,"1"
"170312514004","Decline","Decline",0,"1"
"170312515001","Growth","Growth",1,"3"
"170312515002","Growth","Growth",1,"3"
"170312516003","Growth","Growth",1,"3"
"170312517001","Growth","Growth",1,"3"
"170312518001","Growth","Growth",1,"3"
"170312519001","Growth","Growth",1,"3"
"170312519002","Growth","Growth",1,"3"
"170312519003","Growth","Growth",1,"3"
"170312519004","Growth","Growth",1,"3"
"170312520002","Growth","Growth",1,"3"
"170312520003","Growth","Growth",1,"3"
"170312520004","Decline","Decline",0,"1"
"170312521011","Growth","Growth",1,"3"
"170312521021","Decline","Decline",0,"1"
"170312521022","Growth","Growth",1,"3"
"170312522011","Growth","Growth",1,"3"
"170312522012","Growth","Growth",1,"3"
"170312522013","Growth","Growth",1,"3"
"170312522021","Growth","Growth",1,"3"
"170312522022","Growth","Growth",1,"3"
"170312522023","Growth","Growth",1,"3"
"170312522024","Growth","Growth",1,"3"
"170312522025","Growth","Growth",1,"3"
"170312601001","Growth","Growth",1,"3"
"170312602001","Growth","Growth",1,"3"
"170312604001","Decline","Decline",0,"1"
"170312605001","Growth","Growth",1,"3"
"170312606002","Growth","Growth",1,"3"
"170312607001","Growth","Growth",1,"3"
"170312607002","Growth","Growth",1,"3"
"170312608001","Decline","Stable",8.00315250639833e-177,"Disagreement"
"170312608002","Growth","Growth",1,"3"
"170312609001","Decline","Decline",0,"1"
"170312610001","Growth","Growth",1,"3"
"170312610002","Growth","Growth",1,"3"
"170312705001","Growth","Growth",1,"3"
"170312712001","Growth","Growth",1,"3"
"170312713001","Growth","Growth",1,"3"
"170312714001","Growth","Growth",1,"3"
"170312715001","Growth","Growth",1,"3"
"170312718001","Growth","Growth",1,"3"
"170312801001","Growth","Growth",1,"3"
"170312801002","Growth","Growth",1,"3"
"170312801003","Stable","Stable",1.60683795647201e-39,"2"
"170312804001","Growth","Growth",1,"3"
"170312808001","Growth","Growth",1,"3"
"170312819001","Growth","Growth",1,"3"
"170312819002","Growth","Growth",1,"3"
"170312819003","Stable","Stable",4.41267565406225e-124,"2"
"170312827001","Growth","Growth",1,"3"
"170312827002","Growth","Growth",1,"3"
"170312828001","Growth","Growth",1,"3"
"170312831002","Growth","Growth",1,"3"
"170312832001","Growth","Growth",1,"3"
"170312838001","Growth","Growth",1,"3"
"170312838002","Growth","Growth",1,"3"
"170312909002","Growth","Growth",1,"3"
"170312909003","Growth","Growth",1,"3"
"170312909004","Growth","Growth",1,"3"
"170312912002","Decline","Decline",0,"1"
"170312916001","Growth","Growth",1,"3"
"170312922002","Growth","Growth",1,"3"
"170312922003","Growth","Growth",1,"3"
"170312924001","Decline","Decline",6.32599786309843e-151,"1"
"170312924002","Growth","Growth",1,"3"
"170312925001","Growth","Growth",1,"3"
"170312925002","Growth","Growth",1,"3"
"170312925003","Decline","Decline",0,"1"
"170313005002","Growth","Growth",1,"3"
"170313006001","Growth","Growth",1,"3"
"170313006002","Growth","Growth",1,"3"
"170313007001","Growth","Growth",1,"3"
"170313007002","Growth","Growth",1,"3"
"170313007003","Growth","Growth",1,"3"
"170313008001","Growth","Growth",1,"3"
"170313008002","Growth","Growth",1,"3"
"170313009001","Growth","Growth",1,"3"
"170313009003","Growth","Growth",1,"3"
"170313011001","Growth","Growth",1,"3"
"170313011002","Growth","Growth",1,"3"
"170313012003","Growth","Growth",1,"3"
"170313016001","Growth","Growth",1,"3"
"170313016002","Decline","Decline",0,"1"
"170313017011","Growth","Growth",1,"3"
"170313017012","Growth","Growth",1,"3"
"170313017013","Growth","Growth",1,"3"
"170313017021","Growth","Growth",1,"3"
"170313017022","Growth","Growth",1,"3"
"170313017023","Growth","Growth",1,"3"
"170313018011","Growth","Growth",1,"3"
"170313018012","Growth","Growth",1,"3"
"170313018021","Decline","Decline",0,"1"
"170313018023","Stable","Stable",4.25779722903927e-22,"2"
"170313018031","Growth","Growth",1,"3"
"170313018032","Stable","Stable",5.94920480465162e-199,"2"
"170313018033","Growth","Growth",1,"3"
"170313102001","Growth","Growth",1,"3"
"170313102002","Growth","Growth",1,"3"
"170313103001","Growth","Growth",1,"3"
"170313104001","Growth","Growth",1,"3"
"170313105001","Growth","Growth",1,"3"
"170313106001","Growth","Growth",1,"3"
"170313106002","Growth","Growth",1,"3"
"170313106003","Growth","Growth",1,"3"
"170313107001","Growth","Growth",1,"3"
"170313108002","Growth","Growth",1,"3"
"170313108003","Growth","Growth",1,"3"
"170313109001","Growth","Growth",1,"3"
"170313109002","Growth","Growth",1,"3"
"170313109003","Growth","Growth",1,"3"
"170313201001","Growth","Growth",1,"3"
"170313201002","Growth","Growth",1,"3"
"170313201003","Decline","Decline",0,"1"
"170313201004","Decline","Decline",0,"1"
"170313201011","Growth","Growth",1,"3"
"170313201013","Stable","Stable",4.49180044099264e-199,"2"
"170313201014","Growth","Growth",1,"3"
"170313201021","Decline","Decline",0,"1"
"170313201022","Decline","Decline",0,"1"
"170313204001","Decline","Decline",0,"1"
"170313206001","Growth","Growth",1,"3"
"170313206002","Growth","Growth",1,"3"
"170313301001","Growth","Growth",1,"3"
"170313301002","Growth","Growth",1,"3"
"170313301003","Growth","Growth",1,"3"
"170313301004","Growth","Growth",1,"3"
"170313301011","Growth","Growth",1,"3"
"170313301012","Growth","Growth",1,"3"
"170313301022","Decline","Decline",0,"1"
"170313301023","Decline","Decline",0,"1"
"170313301031","Decline","Decline",0,"1"
"170313301032","Growth","Growth",1,"3"
"170313301033","Growth","Growth",1,"3"
"170313302001","Growth","Growth",0.999971422277679,"3"
"170313302002","Growth","Growth",1,"3"
"170313403001","Growth","Growth",1,"3"
"170313404001","Growth","Growth",1,"3"
"170313405001","Growth","Growth",1,"3"
"170313406001","Growth","Growth",1,"3"
"170313501001","Growth","Growth",1,"3"
"170313501002","Growth","Growth",1,"3"
"170313504001","Growth","Growth",1,"3"
"170313510001","Growth","Growth",1,"3"
"170313510002","Decline","Decline",0,"1"
"170313510003","Growth","Growth",1,"3"
"170313514001","Growth","Growth",1,"3"
"170313515002","Growth","Growth",1,"3"
"170313602001","Growth","Growth",1,"3"
"170313801001","Growth","Growth",1,"3"
"170313802001","Decline","Decline",0,"1"
"170313802002","Growth","Growth",1,"3"
"170313805001","Growth","Growth",1,"3"
"170313806001","Decline","Decline",0,"1"
"170313807001","Growth","Growth",1,"3"
"170313812001","Growth","Growth",1,"3"
"170313812002","Growth","Growth",1,"3"
"170313814001","Growth","Growth",1,"3"
"170313818001","Growth","Growth",1,"3"
"170313819001","Growth","Growth",1,"3"
"170313819002","Growth","Growth",1,"3"
"170313902001","Growth","Growth",1,"3"
"170313902002","Growth","Growth",1,"3"
"170313903001","Stable","Stable",3.37555367656714e-17,"2"
"170313903002","Growth","Growth",1,"3"
"170313904002","Growth","Growth",1,"3"
"170313905001","Growth","Growth",1,"3"
"170313906001","Growth","Growth",1,"3"
"170313906002","Growth","Growth",1,"3"
"170313907001","Growth","Growth",1,"3"
"170313907002","Growth","Growth",1,"3"
"170313907003","Growth","Growth",1,"3"
"170314003001","Growth","Growth",1,"3"
"170314004002","Growth","Growth",1,"3"
"170314005001","Growth","Growth",1,"3"
"170314005002","Growth","Growth",1,"3"
"170314008002","Decline","Decline",0,"1"
"170314101001","Growth","Growth",1,"3"
"170314101002","Growth","Growth",1,"3"
"170314102001","Growth","Growth",1,"3"
"170314105001","Growth","Growth",1,"3"
"170314105002","Growth","Growth",1,"3"
"170314106001","Growth","Growth",1,"3"
"170314106002","Growth","Growth",1,"3"
"170314107001","Growth","Growth",1,"3"
"170314108001","Growth","Growth",1,"3"
"170314108002","Growth","Growth",1,"3"
"170314109001","Growth","Growth",1,"3"
"170314109002","Growth","Growth",1,"3"
"170314109003","Growth","Growth",1,"3"
"170314110001","Growth","Growth",1,"3"
"170314110002","Growth","Growth",1,"3"
"170314110003","Growth","Growth",1,"3"
"170314111001","Growth","Growth",1,"3"
"170314111002","Decline","Decline",0,"1"
"170314112001","Growth","Growth",1,"3"
"170314201001","Growth","Growth",1,"3"
"170314202001","Growth","Growth",1,"3"
"170314203001","Growth","Growth",1,"3"
"170314204001","Growth","Growth",1,"3"
"170314205001","Decline","Decline",0,"1"
"170314205002","Growth","Growth",1,"3"
"170314206001","Growth","Growth",1,"3"
"170314207001","Growth","Growth",1,"3"
"170314207003","Stable","Stable",2.91679593411623e-87,"2"
"170314208001","Growth","Growth",1,"3"
"170314208002","Growth","Growth",1,"3"
"170314212001","Growth","Growth",1,"3"
"170314212002","Growth","Growth",1,"3"
"170314301013","Growth","Growth",1,"3"
"170314301014","Growth","Growth",1,"3"
"170314301021","Growth","Growth",1,"3"
"170314301023","Growth","Growth",1,"3"
"170314302003","Growth","Growth",1,"3"
"170314302004","Stable","Stable",2.47311626415095e-51,"2"
"170314303001","Growth","Growth",1,"3"
"170314304002","Growth","Growth",1,"3"
"170314304003","Growth","Growth",1,"3"
"170314304004","Growth","Growth",1,"3"
"170314305001","Growth","Growth",1,"3"
"170314305002","Growth","Growth",1,"3"
"170314305003","Growth","Growth",1,"3"
"170314306001","Growth","Growth",1,"3"
"170314306002","Growth","Growth",1,"3"
"170314307001","Growth","Growth",1,"3"
"170314308001","Growth","Growth",1,"3"
"170314308002","Growth","Growth",1,"3"
"170314309001","Growth","Growth",1,"3"
"170314309002","Growth","Growth",1,"3"
"170314312001","Decline","Decline",0,"1"
"170314312002","Growth","Growth",1,"3"
"170314313011","Growth","Growth",1,"3"
"170314313012","Growth","Growth",1,"3"
"170314313013","Growth","Growth",1,"3"
"170314313021","Decline","Decline",0,"1"
"170314313022","Growth","Growth",1,"3"
"170314313023","Growth","Growth",1,"3"
"170314314001","Growth","Growth",1,"3"
"170314314002","Growth","Growth",1,"3"
"170314314003","Growth","Growth",1,"3"
"170314314004","Growth","Growth",1,"3"
"170314401011","Stable","Stable",4.3292954709161e-38,"2"
"170314401012","Growth","Growth",1,"3"
"170314401013","Growth","Growth",1,"3"
"170314401021","Growth","Growth",1,"3"
"170314401022","Growth","Growth",1,"3"
"170314401023","Growth","Growth",1,"3"
"170314401024","Growth","Growth",1,"3"
"170314402012","Growth","Growth",1,"3"
"170314402014","Growth","Growth",1,"3"
"170314402021","Growth","Growth",1,"3"
"170314402022","Growth","Growth",1,"3"
"170314402023","Decline","Decline",0,"1"
"170314403002","Decline","Decline",0,"1"
"170314403005","Stable","Stable",2.63581556300829e-220,"2"
"170314406001","Growth","Growth",1,"3"
"170314406002","Growth","Growth",0.999999999999998,"3"
"170314407001","Growth","Growth",1,"3"
"170314407002","Growth","Growth",1,"3"
"170314408002","Growth","Growth",1,"3"
"170314409001","Growth","Growth",1,"3"
"170314409003","Growth","Growth",1,"3"
"170314503002","Growth","Growth",1,"3"
"170314503003","Growth","Growth",1,"3"
"170314503004","Decline","Decline",0,"1"
"170314601001","Growth","Growth",1,"3"
"170314601002","Growth","Growth",1,"3"
"170314601003","Growth","Growth",1,"3"
"170314601004","Growth","Growth",1,"3"
"170314602001","Growth","Growth",1,"3"
"170314602002","Stable","Stable",5.70248667690718e-44,"2"
"170314603011","Growth","Growth",1,"3"
"170314603012","Decline","Decline",0,"1"
"170314603021","Growth","Growth",1,"3"
"170314603023","Growth","Growth",1,"3"
"170314603024","Stable","Stable",3.18005623606545e-27,"2"
"170314604003","Growth","Growth",1,"3"
"170314604004","Growth","Growth",1,"3"
"170314605001","Growth","Growth",1,"3"
"170314605003","Growth","Growth",1,"3"
"170314606001","Growth","Growth",1,"3"
"170314607001","Growth","Growth",0.999999999999821,"3"
"170314607002","Decline","Decline",0,"1"
"170314607003","Growth","Growth",1,"3"
"170314608001","Growth","Growth",1,"3"
"170314608002","Stable","Stable",7.27094528583339e-297,"2"
"170314608003","Growth","Growth",1,"3"
"170314608004","Growth","Growth",1,"3"
"170314610001","Growth","Growth",1,"3"
"170314701001","Growth","Growth",1,"3"
"170314701002","Growth","Growth",1,"3"
"170314801001","Stable","Stable",0,"2"
"170314801002","Growth","Growth",1,"3"
"170314802001","Growth","Growth",1,"3"
"170314803001","Stable","Stable",3.85183094934248e-171,"2"
"170314803002","Decline","Decline",0,"1"
"170314804001","Growth","Growth",1,"3"
"170314804003","Growth","Growth",1,"3"
"170314804004","Growth","Growth",1,"3"
"170314804005","Growth","Growth",1,"3"
"170314804006","Growth","Growth",1,"3"
"170314805002","Growth","Growth",1,"3"
"170314805003","Growth","Growth",1,"3"
"170314902001","Growth","Growth",1,"3"
"170314902002","Growth","Growth",1,"3"
"170314902003","Growth","Growth",1,"3"
"170314903001","Growth","Growth",1,"3"
"170314903002","Stable","Stable",1.63307189542095e-34,"2"
"170314904001","Stable","Stable",7.72205879366075e-147,"2"
"170314905001","Growth","Growth",1,"3"
"170314905002","Growth","Growth",1,"3"
"170314906001","Growth","Growth",1,"3"
"170314907001","Growth","Growth",0.99999953408962,"3"
"170314907002","Decline","Decline",0,"1"
"170314907003","Growth","Growth",1,"3"
"170314908001","Growth","Growth",1,"3"
"170314908003","Growth","Growth",1,"3"
"170314908005","Growth","Growth",1,"3"
"170314909011","Decline","Decline",0,"1"
"170314909012","Growth","Growth",1,"3"
"170314909013","Stable","Stable",5.12499469301744e-89,"2"
"170314909021","Growth","Growth",1,"3"
"170314909022","Growth","Growth",1,"3"
"170314909023","Growth","Growth",1,"3"
"170314909024","Growth","Growth",1,"3"
"170314910002","Growth","Growth",1,"3"
"170314910003","Stable","Stable",4.86054548552188e-59,"2"
"170314910004","Growth","Growth",1,"3"
"170314910005","Decline","Decline",2.07890725051052e-211,"1"
"170314911002","Growth","Growth",1,"3"
"170314911003","Growth","Growth",1,"3"
"170314911004","Growth","Growth",1,"3"
"170314911005","Growth","Growth",1,"3"
"170314912001","Growth","Growth",1,"3"
"170314912002","Growth","Growth",1,"3"
"170314913001","Growth","Growth",1,"3"
"170314913002","Growth","Growth",1,"3"
"170314913003","Growth","Growth",1,"3"
"170314913004","Growth","Growth",1,"3"
"170314914001","Growth","Growth",1,"3"
"170314914002","Decline","Decline",0,"1"
"170314914003","Growth","Growth",1,"3"
"170315001002","Growth","Growth",1,"3"
"170315001003","Growth","Growth",1,"3"
"170315001004","Growth","Growth",1,"3"
"170315002001","Growth","Growth",1,"3"
"170315002002","Growth","Growth",1,"3"
"170315003001","Growth","Growth",1,"3"
"170315003002","Growth","Growth",1,"3"
"170315101002","Growth","Growth",1,"3"
"170315102002","Decline","Decline",0,"1"
"170315102003","Growth","Growth",1,"3"
"170315103002","Growth","Growth",1,"3"
"170315103003","Decline","Decline",3.61521843944353e-214,"1"
"170315103004","Decline","Decline",0,"1"
"170315201001","Growth","Growth",1,"3"
"170315202002","Growth","Growth",1,"3"
"170315203001","Growth","Growth",1,"3"
"170315203002","Growth","Growth",1,"3"
"170315203003","Growth","Growth",1,"3"
"170315203004","Decline","Decline",0,"1"
"170315204002","Decline","Decline",0,"1"
"170315204003","Growth","Growth",1,"3"
"170315205001","Growth","Growth",1,"3"
"170315205002","Growth","Growth",1,"3"
"170315205003","Growth","Growth",1,"3"
"170315206001","Growth","Growth",1,"3"
"170315301001","Growth","Growth",1,"3"
"170315301002","Growth","Growth",1,"3"
"170315302001","Growth","Growth",1,"3"
"170315302002","Growth","Growth",1,"3"
"170315302005","Growth","Growth",1,"3"
"170315303002","Growth","Growth",1,"3"
"170315303003","Growth","Growth",1,"3"
"170315303004","Growth","Growth",1,"3"
"170315304001","Growth","Growth",1,"3"
"170315304002","Growth","Growth",1,"3"
"170315305012","Decline","Decline",0,"1"
"170315305014","Stable","Stable",3.46033905812748e-221,"2"
"170315305021","Growth","Growth",1,"3"
"170315305032","Growth","Growth",1,"3"
"170315305033","Decline","Decline",0,"1"
"170315306002","Growth","Growth",1,"3"
"170315306003","Decline","Decline",0,"1"
"170315401011","Growth","Growth",1,"3"
"170315401012","Decline","Decline",0,"1"
"170315401021","Growth","Growth",1,"3"
"170315401023","Growth","Growth",1,"3"
"170315501001","Decline","Decline",0,"1"
"170315501002","Growth","Growth",1,"3"
"170315501003","Growth","Growth",1,"3"
"170315501004","Growth","Growth",1,"3"
"170315502001","Growth","Growth",1,"3"
"170315601001","Growth","Growth",1,"3"
"170315602003","Growth","Growth",1,"3"
"170315603001","Growth","Growth",1,"3"
"170315603002","Growth","Growth",1,"3"
"170315604001","Growth","Growth",1,"3"
"170315607001","Growth","Growth",1,"3"
"170315607002","Growth","Growth",1,"3"
"170315608001","Growth","Growth",1,"3"
"170315608002","Growth","Growth",1,"3"
"170315608003","Growth","Growth",1,"3"
"170315608004","Growth","Growth",1,"3"
"170315608005","Growth","Growth",1,"3"
"170315609001","Growth","Growth",1,"3"
"170315609002","Growth","Growth",1,"3"
"170315609003","Growth","Growth",1,"3"
"170315609004","Growth","Growth",1,"3"
"170315609006","Growth","Growth",1,"3"
"170315610001","Decline","Decline",0,"1"
"170315610002","Growth","Growth",1,"3"
"170315610003","Growth","Growth",1,"3"
"170315610004","Growth","Growth",1,"3"
"170315610005","Growth","Growth",1,"3"
"170315611002","Growth","Growth",1,"3"
"170315611005","Growth","Growth",1,"3"
"170315611006","Growth","Growth",0.999999999960121,"3"
"170315701001","Growth","Growth",1,"3"
"170315703001","Growth","Growth",1,"3"
"170315703002","Growth","Growth",1,"3"
"170315703003","Growth","Growth",1,"3"
"170315704001","Growth","Growth",1,"3"
"170315704002","Growth","Growth",1,"3"
"170315705001","Growth","Growth",1,"3"
"170315705002","Growth","Growth",1,"3"
"170315801001","Growth","Growth",1,"3"
"170315801002","Growth","Growth",1,"3"
"170315802001","Growth","Growth",1,"3"
"170315802002","Growth","Growth",1,"3"
"170315803001","Growth","Growth",1,"3"
"170315804002","Growth","Growth",1,"3"
"170315804003","Growth","Growth",1,"3"
"170315804004","Growth","Growth",1,"3"
"170315805011","Growth","Growth",1,"3"
"170315805013","Stable","Stable",1.15589013434942e-213,"2"
"170315805021","Stable","Stable",8.86146935343804e-115,"2"
"170315805022","Growth","Growth",1,"3"
"170315805023","Growth","Growth",1,"3"
"170315806001","Growth","Growth",1,"3"
"170315806002","Decline","Decline",0,"1"
"170315806003","Growth","Growth",1,"3"
"170315806004","Growth","Growth",1,"3"
"170315807001","Stable","Stable",7.51844112418071e-184,"2"
"170315807002","Growth","Growth",1,"3"
"170315807003","Growth","Growth",1,"3"
"170315808001","Growth","Growth",1,"3"
"170315905001","Growth","Growth",1,"3"
"170315906001","Growth","Growth",1,"3"
"170315906003","Growth","Growth",1,"3"
"170315907001","Growth","Growth",1,"3"
"170315907002","Growth","Growth",1,"3"
"170316004001","Growth","Growth",1,"3"
"170316004002","Growth","Growth",1,"3"
"170316004003","Growth","Growth",1,"3"
"170316006001","Growth","Growth",1,"3"
"170316007001","Growth","Growth",1,"3"
"170316007002","Growth","Growth",1,"3"
"170316009002","Growth","Growth",1,"3"
"170316009003","Growth","Growth",1,"3"
"170316009004","Growth","Growth",1,"3"
"170316103002","Growth","Growth",1,"3"
"170316103003","Growth","Growth",1,"3"
"170316104001","Growth","Growth",1,"3"
"170316108001","Growth","Growth",1,"3"
"170316110001","Stable","Stable",2.38245233693589e-57,"2"
"170316111001","Growth","Growth",1,"3"
"170316111002","Growth","Growth",1,"3"
"170316111003","Growth","Growth",1,"3"
"170316112002","Growth","Growth",1,"3"
"170316113002","Growth","Growth",1,"3"
"170316113003","Growth","Growth",1,"3"
"170316114001","Growth","Growth",1,"3"
"170316114002","Decline","Decline",0,"1"
"170316114003","Growth","Growth",1,"3"
"170316115001","Decline","Decline",0,"1"
"170316115002","Growth","Growth",1,"3"
"170316116001","Growth","Growth",1,"3"
"170316117001","Growth","Growth",1,"3"
"170316117002","Growth","Growth",1,"3"
"170316118001","Growth","Growth",1,"3"
"170316119001","Growth","Growth",1,"3"
"170316119002","Growth","Growth",1,"3"
"170316120001","Growth","Growth",1,"3"
"170316120002","Growth","Growth",1,"3"
"170316121001","Stable","Stable",8.51235785964889e-17,"2"
"170316122001","Growth","Growth",1,"3"
"170316122002","Growth","Growth",1,"3"
"170316122003","Growth","Growth",1,"3"
"170316201001","Growth","Growth",1,"3"
"170316201002","Growth","Growth",1,"3"
"170316201003","Growth","Growth",1,"3"
"170316202001","Growth","Growth",1,"3"
"170316202002","Decline","Decline",0,"1"
"170316203001","Growth","Growth",1,"3"
"170316203002","Growth","Growth",1,"3"
"170316203003","Growth","Growth",1,"3"
"170316203004","Growth","Growth",1,"3"
"170316203005","Growth","Growth",1,"3"
"170316203006","Growth","Growth",1,"3"
"170316204001","Growth","Growth",1,"3"
"170316204002","Growth","Growth",1,"3"
"170316204003","Growth","Growth",1,"3"
"170316301001","Growth","Growth",1,"3"
"170316302001","Growth","Growth",1,"3"
"170316303001","Growth","Growth",1,"3"
"170316303002","Growth","Growth",1,"3"
"170316304002","Growth","Growth",1,"3"
"170316304004","Growth","Growth",1,"3"
"170316305001","Growth","Growth",1,"3"
"170316305002","Growth","Growth",1,"3"
"170316305003","Growth","Growth",1,"3"
"170316305004","Decline","Decline",0,"1"
"170316306001","Growth","Growth",1,"3"
"170316306002","Stable","Decline",0,"Disagreement"
"170316308001","Growth","Growth",1,"3"
"170316308002","Growth","Growth",1,"3"
"170316308003","Growth","Growth",1,"3"
"170316308004","Growth","Growth",1,"3"
"170316309001","Decline","Decline",0,"1"
"170316309002","Growth","Growth",1,"3"
"170316309003","Growth","Growth",1,"3"
"170316401001","Growth","Growth",1,"3"
"170316403001","Stable","Stable",6.06728577269182e-104,"2"
"170316403004","Growth","Growth",1,"3"
"170316403006","Growth","Growth",1,"3"
"170316404001","Growth","Growth",1,"3"
"170316404002","Stable","Stable",0,"2"
"170316405001","Growth","Growth",1,"3"
"170316405002","Decline","Decline",0,"1"
"170316406001","Growth","Growth",1,"3"
"170316406002","Growth","Growth",1,"3"
"170316406003","Growth","Growth",1,"3"
"170316407001","Growth","Growth",1,"3"
"170316407002","Growth","Growth",1,"3"
"170316407003","Growth","Growth",1,"3"
"170316407004","Growth","Growth",1,"3"
"170316408001","Growth","Growth",1,"3"
"170316408002","Decline","Decline",0,"1"
"170316501001","Growth","Growth",1,"3"
"170316501002","Growth","Growth",1,"3"
"170316501003","Stable","Stable",1.63065909900197e-54,"2"
"170316501004","Growth","Growth",1,"3"
"170316502001","Growth","Growth",1,"3"
"170316502002","Decline","Decline",0,"1"
"170316502003","Growth","Growth",1,"3"
"170316502004","Growth","Growth",1,"3"
"170316502006","Growth","Growth",1,"3"
"170316503012","Growth","Growth",1,"3"
"170316503013","Decline","Decline",0,"1"
"170316503021","Growth","Growth",1,"3"
"170316503022","Stable","Stable",8.38229336880382e-186,"2"
"170316504001","Growth","Growth",1,"3"
"170316504002","Growth","Growth",1,"3"
"170316504003","Growth","Growth",1,"3"
"170316504004","Growth","Growth",1,"3"
"170316504005","Growth","Growth",1,"3"
"170316505002","Growth","Growth",1,"3"
"170316505003","Decline","Decline",0,"1"
"170316603011","Growth","Growth",1,"3"
"170316603021","Decline","Decline",0,"1"
"170316603022","Decline","Decline",0,"1"
"170316603023","Growth","Growth",1,"3"
"170316603024","Growth","Growth",1,"3"
"170316604002","Growth","Growth",1,"3"
"170316604003","Growth","Growth",1,"3"
"170316605003","Growth","Growth",1,"3"
"170316605004","Growth","Growth",1,"3"
"170316606003","Growth","Growth",1,"3"
"170316606004","Growth","Growth",1,"3"
"170316606005","Growth","Growth",1,"3"
"170316607001","Stable","Stable",1.78116526977086e-109,"2"
"170316607002","Growth","Growth",1,"3"
"170316608001","Growth","Growth",1,"3"
"170316608002","Decline","Decline",0,"1"
"170316608003","Growth","Growth",1,"3"
"170316608005","Decline","Decline",0,"1"
"170316609001","Growth","Growth",1,"3"
"170316609002","Growth","Growth",1,"3"
"170316610001","Growth","Growth",1,"3"
"170316610003","Growth","Growth",1,"3"
"170316610005","Growth","Growth",1,"3"
"170316611001","Growth","Growth",1,"3"
"170316611002","Growth","Growth",1,"3"
"170316611003","Growth","Growth",1,"3"
"170316611004","Decline","Decline",0,"1"
"170316611005","Growth","Growth",0.999999999999817,"3"
"170316701001","Growth","Growth",1,"3"
"170316701002","Growth","Growth",1,"3"
"170316702001","Growth","Growth",1,"3"
"170316703002","Growth","Growth",1,"3"
"170316704001","Growth","Growth",1,"3"
"170316705001","Growth","Growth",1,"3"
"170316706001","Growth","Growth",1,"3"
"170316706002","Growth","Growth",1,"3"
"170316707001","Growth","Growth",1,"3"
"170316707002","Growth","Growth",1,"3"
"170316708001","Growth","Growth",1,"3"
"170316708002","Growth","Growth",1,"3"
"170316709002","Growth","Growth",0.999998846384562,"3"
"170316711001","Decline","Decline",0,"1"
"170316712001","Growth","Growth",1,"3"
"170316712002","Growth","Growth",1,"3"
"170316713001","Decline","Decline",0,"1"
"170316713002","Growth","Growth",1,"3"
"170316714001","Growth","Growth",1,"3"
"170316714002","Growth","Growth",1,"3"
"170316715002","Growth","Growth",1,"3"
"170316716001","Decline","Decline",0,"1"
"170316716002","Growth","Growth",1,"3"
"170316718001","Growth","Growth",1,"3"
"170316719001","Decline","Decline",0,"1"
"170316720001","Decline","Decline",0,"1"
"170316720002","Decline","Decline",0,"1"
"170316720003","Growth","Growth",1,"3"
"170316805001","Growth","Growth",1,"3"
"170316805002","Growth","Growth",1,"3"
"170316806001","Growth","Growth",1,"3"
"170316806002","Growth","Growth",1,"3"
"170316809001","Decline","Decline",0,"1"
"170316809002","Growth","Growth",1,"3"
"170316809003","Growth","Growth",1,"3"
"170316809004","Growth","Growth",1,"3"
"170316810004","Stable","Decline",1.22706883000581e-136,"Disagreement"
"170316811004","Growth","Growth",1,"3"
"170316812003","Growth","Growth",1,"3"
"170316813001","Decline","Stable",4.81251396650773e-111,"Disagreement"
"170316813002","Growth","Growth",1,"3"
"170316813003","Decline","Decline",0,"1"
"170316814002","Growth","Growth",1,"3"
"170316814003","Decline","Decline",7.80623571576278e-247,"1"
"170316814004","Growth","Growth",1,"3"
"170316903001","Growth","Growth",1,"3"
"170316903002","Growth","Growth",1,"3"
"170316904001","Growth","Growth",1,"3"
"170316904002","Growth","Growth",1,"3"
"170316904003","Growth","Growth",1,"3"
"170316904004","Growth","Growth",1,"3"
"170316905001","Growth","Growth",1,"3"
"170316909001","Growth","Growth",1,"3"
"170316909003","Growth","Growth",1,"3"
"170316909004","Growth","Growth",1,"3"
"170316909005","Decline","Decline",0,"1"
"170316910001","Decline","Decline",0,"1"
"170316910004","Growth","Growth",1,"3"
"170316911001","Growth","Growth",1,"3"
"170316911004","Growth","Growth",1,"3"
"170316912001","Growth","Growth",1,"3"
"170316912002","Stable","Stable",1.48769866187838e-69,"2"
"170316913001","Growth","Growth",1,"3"
"170316913002","Decline","Decline",0,"1"
"170316914001","Growth","Growth",1,"3"
"170316914002","Growth","Growth",1,"3"
"170316914003","Decline","Decline",0,"1"
"170316914005","Growth","Growth",1,"3"
"170316915001","Stable","Stable",6.1306316101375e-105,"2"
"170316915002","Stable","Stable",3.88401417645221e-46,"2"
"170316915003","Growth","Growth",1,"3"
"170317001001","Growth","Growth",1,"3"
"170317002001","Growth","Growth",1,"3"
"170317002002","Growth","Growth",1,"3"
"170317002003","Decline","Decline",0,"1"
"170317002004","Growth","Growth",1,"3"
"170317003011","Growth","Growth",1,"3"
"170317003012","Growth","Growth",1,"3"
"170317003013","Growth","Growth",1,"3"
"170317003022","Growth","Growth",1,"3"
"170317003023","Growth","Growth",1,"3"
"170317003024","Growth","Growth",1,"3"
"170317004011","Growth","Growth",1,"3"
"170317004012","Growth","Growth",1,"3"
"170317004013","Growth","Growth",1,"3"
"170317004021","Growth","Growth",1,"3"
"170317004022","Growth","Growth",1,"3"
"170317004023","Growth","Growth",1,"3"
"170317005011","Growth","Growth",1,"3"
"170317005012","Growth","Growth",1,"3"
"170317005021","Growth","Growth",1,"3"
"170317005022","Decline","Decline",0,"1"
"170317101001","Growth","Growth",1,"3"
"170317102003","Growth","Growth",1,"3"
"170317102005","Decline","Decline",0,"1"
"170317103001","Growth","Growth",1,"3"
"170317104005","Growth","Growth",1,"3"
"170317104006","Growth","Growth",1,"3"
"170317105001","Growth","Growth",1,"3"
"170317105002","Growth","Growth",1,"3"
"170317105003","Decline","Decline",0,"1"
"170317106001","Growth","Growth",1,"3"
"170317106002","Growth","Growth",0.999999999999999,"3"
"170317107001","Growth","Growth",1,"3"
"170317107002","Growth","Growth",1,"3"
"170317107004","Growth","Growth",1,"3"
"170317108001","Growth","Growth",1,"3"
"170317108002","Stable","Stable",7.71089852511707e-27,"2"
"170317108005","Growth","Growth",1,"3"
"170317109001","Growth","Growth",1,"3"
"170317109002","Growth","Growth",1,"3"
"170317110001","Growth","Growth",1,"3"
"170317110002","Growth","Growth",1,"3"
"170317110003","Growth","Growth",1,"3"
"170317111001","Decline","Decline",0,"1"
"170317111002","Growth","Growth",1,"3"
"170317112001","Growth","Growth",1,"3"
"170317112002","Decline","Decline",0,"1"
"170317112003","Growth","Growth",1,"3"
"170317112004","Growth","Growth",1,"3"
"170317113001","Growth","Growth",1,"3"
"170317113002","Growth","Growth",1,"3"
"170317114001","Growth","Growth",1,"3"
"170317114003","Growth","Growth",1,"3"
"170317115001","Growth","Growth",1,"3"
"170317115002","Growth","Growth",1,"3"
"170317201001","Decline","Decline",0,"1"
"170317201002","Growth","Growth",1,"3"
"170317201003","Stable","Stable",1.25068006852351e-17,"2"
"170317202001","Growth","Growth",1,"3"
"170317202002","Growth","Growth",1,"3"
"170317202003","Growth","Growth",1,"3"
"170317203001","Decline","Decline",0,"1"
"170317203002","Growth","Growth",1,"3"
"170317203003","Growth","Growth",1,"3"
"170317203004","Growth","Growth",1,"3"
"170317204001","Growth","Growth",1,"3"
"170317204002","Growth","Growth",1,"3"
"170317205001","Growth","Growth",1,"3"
"170317205002","Stable","Stable",1.96659614082092e-132,"2"
"170317206001","Stable","Stable",1.18051359103446e-216,"2"
"170317206002","Growth","Growth",1,"3"
"170317207002","Growth","Growth",1,"3"
"170317207003","Growth","Growth",1,"3"
"170317301001","Stable","Stable",4.02838482445288e-150,"2"
"170317301002","Growth","Growth",1,"3"
"170317301003","Decline","Decline",0,"1"
"170317302011","Growth","Growth",1,"3"
"170317302013","Decline","Decline",0,"1"
"170317302014","Growth","Growth",1,"3"
"170317302015","Growth","Growth",1,"3"
"170317302021","Growth","Growth",1,"3"
"170317302023","Growth","Growth",1,"3"
"170317303001","Stable","Stable",2.35756481402493e-09,"2"
"170317304001","Growth","Growth",1,"3"
"170317304002","Growth","Growth",1,"3"
"170317304003","Decline","Decline",0,"1"
"170317305001","Growth","Growth",1,"3"
"170317305003","Decline","Decline",0,"1"
"170317305004","Growth","Growth",1,"3"
"170317306001","Growth","Growth",1,"3"
"170317306002","Growth","Growth",1,"3"
"170317306003","Growth","Growth",1,"3"
"170317307001","Decline","Decline",0,"1"
"170317307002","Growth","Growth",1,"3"
"170317401001","Growth","Growth",1,"3"
"170317401002","Stable","Stable",0,"2"
"170317401003","Growth","Growth",1,"3"
"170317401004","Growth","Growth",1,"3"
"170317402001","Decline","Decline",0,"1"
"170317402002","Growth","Growth",1,"3"
"170317402003","Growth","Growth",1,"3"
"170317402004","Growth","Growth",1,"3"
"170317403001","Growth","Growth",1,"3"
"170317403002","Growth","Growth",1,"3"
"170317403003","Growth","Growth",1,"3"
"170317403004","Stable","Stable",0,"2"
"170317403005","Growth","Growth",1,"3"
"170317404001","Growth","Growth",1,"3"
"170317404002","Growth","Growth",1,"3"
"170317404003","Stable","Stable",3.34288906077583e-302,"2"
"170317404004","Growth","Growth",1,"3"
"170317501001","Growth","Growth",1,"3"
"170317501002","Stable","Stable",1.32476110314865e-206,"2"
"170317501004","Stable","Stable",5.50373264939472e-09,"2"
"170317502001","Growth","Growth",1,"3"
"170317502003","Growth","Growth",1,"3"
"170317503001","Growth","Growth",1,"3"
"170317503002","Growth","Growth",1,"3"
"170317503003","Growth","Growth",1,"3"
"170317504001","Growth","Growth",1,"3"
"170317504002","Growth","Growth",1,"3"
"170317504003","Growth","Growth",1,"3"
"170317505001","Decline","Decline",0,"1"
"170317505002","Growth","Growth",1,"3"
"170317505003","Stable","Stable",6.47893786501277e-62,"2"
"170317506001","Decline","Decline",0,"1"
"170317506002","Decline","Decline",0,"1"
"170317506003","Growth","Growth",1,"3"
"170317608011","Growth","Growth",1,"3"
"170317608012","Growth","Growth",1,"3"
"170317608021","Growth","Growth",1,"3"
"170317608031","Growth","Growth",1,"3"
"170317608032","Growth","Growth",1,"3"
"170317608033","Growth","Growth",1,"3"
"170317702011","Growth","Growth",1,"3"
"170317702012","Growth","Growth",1,"3"
"170317702013","Growth","Growth",1,"3"
"170317702021","Growth","Growth",1,"3"
"170317702022","Growth","Growth",1,"3"
"170317702023","Growth","Growth",1,"3"
"170317703001","Growth","Growth",1,"3"
"170317703002","Decline","Decline",0,"1"
"170317703003","Growth","Growth",1,"3"
"170317703004","Growth","Growth",1,"3"
"170317703005","Growth","Growth",1,"3"
"170317704001","Growth","Growth",1,"3"
"170317704002","Growth","Growth",1,"3"
"170317704003","Growth","Growth",1,"3"
"170317705001","Growth","Growth",1,"3"
"170317705002","Growth","Growth",1,"3"
"170317706011","Decline","Decline",0,"1"
"170317706012","Growth","Growth",1,"3"
"170317706013","Growth","Growth",1,"3"
"170317706021","Growth","Growth",1,"3"
"170317706022","Growth","Growth",1,"3"
"170317706023","Growth","Growth",1,"3"
"170317707001","Growth","Growth",1,"3"
"170317707002","Growth","Growth",1,"3"
"170317708001","Growth","Growth",1,"3"
"170317708002","Growth","Growth",1,"3"
"170317709011","Growth","Growth",1,"3"
"170317709012","Growth","Growth",1,"3"
"170317709013","Growth","Growth",1,"3"
"170317709014","Growth","Growth",1,"3"
"170317709021","Growth","Growth",1,"3"
"170317709022","Decline","Stable",0,"Disagreement"
"170318001001","Stable","Stable",0,"2"
"170318001002","Growth","Growth",1,"3"
"170318002001","Growth","Growth",1,"3"
"170318002002","Growth","Growth",1,"3"
"170318002003","Decline","Decline",0,"1"
"170318002004","Growth","Growth",1,"3"
"170318002005","Growth","Growth",1,"3"
"170318002006","Stable","Stable",0,"2"
"170318003001","Growth","Growth",1,"3"
"170318003002","Growth","Growth",1,"3"
"170318003003","Stable","Stable",0,"2"
"170318004001","Growth","Growth",1,"3"
"170318004002","Growth","Growth",1,"3"
"170318004003","Growth","Growth",1,"3"
"170318005001","Stable","Stable",0,"2"
"170318005002","Growth","Growth",1,"3"
"170318005003","Stable","Stable",0,"2"
"170318005004","Stable","Stable",1.00883138697383e-211,"2"
"170318005005","Stable","Stable",0,"2"
"170318006001","Stable","Stable",0,"2"
"170318006002","Growth","Growth",1,"3"
"170318007001","Growth","Growth",1,"3"
"170318007002","Growth","Growth",1,"3"
"170318007003","Growth","Growth",1,"3"
"170318007004","Growth","Growth",1,"3"
"170318008001","Growth","Growth",1,"3"
"170318009001","Growth","Growth",1,"3"
"170318009003","Growth","Growth",1,"3"
"170318009004","Growth","Growth",1,"3"
"170318010001","Growth","Growth",1,"3"
"170318010002","Growth","Growth",1,"3"
"170318010003","Growth","Growth",1,"3"
"170318010004","Growth","Growth",1,"3"
"170318011001","Growth","Growth",1,"3"
"170318011002","Growth","Growth",1,"3"
"170318011003","Growth","Growth",1,"3"
"170318011004","Growth","Growth",1,"3"
"170318012001","Growth","Growth",1,"3"
"170318012002","Growth","Growth",1,"3"
"170318012003","Growth","Growth",1,"3"
"170318013001","Decline","Decline",0,"1"
"170318013002","Growth","Growth",1,"3"
"170318013003","Growth","Growth",1,"3"
"170318013004","Growth","Growth",1,"3"
"170318014001","Growth","Growth",1,"3"
"170318014002","Growth","Growth",1,"3"
"170318015001","Growth","Growth",1,"3"
"170318015002","Growth","Growth",1,"3"
"170318015003","Growth","Growth",1,"3"
"170318016011","Decline","Decline",0,"1"
"170318016012","Growth","Growth",1,"3"
"170318016031","Growth","Growth",1,"3"
"170318016032","Growth","Growth",1,"3"
"170318016051","Growth","Growth",1,"3"
"170318016052","Growth","Growth",1,"3"
"170318016053","Growth","Growth",1,"3"
"170318016054","Growth","Growth",1,"3"
"170318016055","Growth","Growth",1,"3"
"170318016061","Growth","Growth",1,"3"
"170318016062","Growth","Growth",1,"3"
"170318016063","Stable","Stable",0,"2"
"170318016064","Growth","Growth",1,"3"
"170318016065","Growth","Growth",1,"3"
"170318016071","Growth","Growth",1,"3"
"170318016072","Growth","Growth",1,"3"
"170318016073","Growth","Growth",1,"3"
"170318016081","Stable","Stable",1.4026726986118e-289,"2"
"170318016082","Growth","Growth",1,"3"
"170318016083","Stable","Stable",1.64025809817497e-168,"2"
"170318016084","Growth","Growth",1,"3"
"170318017011","Growth","Growth",1,"3"
"170318017012","Growth","Growth",1,"3"
"170318017021","Growth","Growth",1,"3"
"170318017022","Growth","Growth",1,"3"
"170318017023","Growth","Growth",1,"3"
"170318017024","Stable","Stable",2.6039786963723e-232,"2"
"170318018001","Growth","Growth",1,"3"
"170318018002","Growth","Growth",1,"3"
"170318018003","Growth","Growth",1,"3"
"170318018004","Growth","Growth",1,"3"
"170318019011","Growth","Growth",1,"3"
"170318019012","Growth","Growth",1,"3"
"170318019013","Decline","Decline",0,"1"
"170318019021","Growth","Growth",1,"3"
"170318019022","Growth","Growth",1,"3"
"170318019023","Growth","Growth",1,"3"
"170318020021","Growth","Growth",1,"3"
"170318020022","Growth","Growth",1,"3"
"170318020031","Growth","Growth",1,"3"
"170318020041","Growth","Growth",1,"3"
"170318020042","Growth","Growth",1,"3"
"170318020044","Growth","Growth",1,"3"
"170318021001","Growth","Growth",1,"3"
"170318021002","Growth","Growth",1,"3"
"170318021003","Growth","Growth",1,"3"
"170318022001","Growth","Growth",1,"3"
"170318022002","Growth","Growth",1,"3"
"170318022003","Growth","Growth",1,"3"
"170318023001","Growth","Growth",1,"3"
"170318023002","Growth","Growth",1,"3"
"170318024021","Growth","Growth",1,"3"
"170318024022","Growth","Growth",1,"3"
"170318024023","Growth","Growth",1,"3"
"170318024024","Growth","Growth",1,"3"
"170318024031","Growth","Growth",1,"3"
"170318024041","Growth","Growth",1,"3"
"170318024042","Growth","Growth",1,"3"
"170318024044","Growth","Growth",1,"3"
"170318025031","Growth","Growth",1,"3"
"170318025032","Growth","Growth",1,"3"
"170318025033","Growth","Growth",1,"3"
"170318025034","Growth","Growth",1,"3"
"170318025041","Growth","Growth",1,"3"
"170318025042","Stable","Stable",3.53544828096241e-101,"2"
"170318025043","Growth","Growth",1,"3"
"170318025044","Growth","Growth",1,"3"
"170318025052","Growth","Growth",1,"3"
"170318025054","Stable","Stable",8.37794346197958e-212,"2"
"170318025055","Growth","Growth",1,"3"
"170318025056","Growth","Growth",1,"3"
"170318025061","Growth","Growth",1,"3"
"170318025062","Growth","Growth",1,"3"
"170318026052","Growth","Growth",1,"3"
"170318026053","Decline","Decline",0,"1"
"170318026054","Growth","Growth",1,"3"
"170318026055","Growth","Growth",1,"3"
"170318026071","Growth","Growth",1,"3"
"170318026081","Growth","Growth",1,"3"
"170318026082","Growth","Growth",1,"3"
"170318026083","Growth","Growth",1,"3"
"170318026084","Growth","Growth",1,"3"
"170318026091","Growth","Growth",1,"3"
"170318026093","Growth","Growth",1,"3"
"170318026094","Growth","Growth",1,"3"
"170318026101","Growth","Growth",1,"3"
"170318027011","Growth","Growth",1,"3"
"170318027012","Growth","Growth",1,"3"
"170318027014","Growth","Growth",1,"3"
"170318027021","Growth","Growth",1,"3"
"170318027022","Growth","Growth",1,"3"
"170318027023","Growth","Growth",1,"3"
"170318028011","Growth","Growth",1,"3"
"170318028012","Growth","Growth",1,"3"
"170318028013","Growth","Growth",1,"3"
"170318028014","Growth","Growth",1,"3"
"170318028015","Growth","Growth",1,"3"
"170318028021","Growth","Growth",1,"3"
"170318028022","Growth","Growth",1,"3"
"170318028023","Growth","Growth",1,"3"
"170318028024","Growth","Growth",1,"3"
"170318029001","Growth","Growth",1,"3"
"170318029002","Growth","Growth",1,"3"
"170318029003","Growth","Growth",1,"3"
"170318030051","Growth","Growth",1,"3"
"170318030052","Growth","Growth",1,"3"
"170318030071","Stable","Stable",0,"2"
"170318030072","Decline","Decline",0,"1"
"170318030073","Stable","Stable",0,"2"
"170318030081","Growth","Growth",1,"3"
"170318030082","Stable","Stable",1.2137463688559e-318,"2"
"170318030083","Growth","Growth",1,"3"
"170318030101","Growth","Growth",1,"3"
"170318030102","Growth","Growth",1,"3"
"170318030103","Growth","Growth",1,"3"
"170318030104","Stable","Stable",5.36841969943514e-262,"2"
"170318030121","Growth","Growth",1,"3"
"170318030131","Growth","Growth",1,"3"
"170318030132","Growth","Growth",1,"3"
"170318030133","Decline","Decline",0,"1"
"170318030141","Growth","Growth",1,"3"
"170318030142","Growth","Growth",1,"3"
"170318030151","Growth","Growth",1,"3"
"170318030152","Growth","Growth",1,"3"
"170318030153","Growth","Growth",1,"3"
"170318030161","Growth","Growth",1,"3"
"170318030171","Growth","Growth",1,"3"
"170318030172","Growth","Growth",1,"3"
"170318030173","Growth","Growth",1,"3"
"170318031001","Growth","Growth",1,"3"
"170318031002","Growth","Growth",1,"3"
"170318032001","Growth","Growth",1,"3"
"170318032002","Stable","Stable",2.4131959645481e-237,"2"
"170318032003","Growth","Growth",1,"3"
"170318033001","Growth","Growth",1,"3"
"170318033002","Decline","Decline",0,"1"
"170318033003","Growth","Growth",1,"3"
"170318034001","Growth","Growth",1,"3"
"170318034002","Decline","Decline",0,"1"
"170318034003","Growth","Growth",1,"3"
"170318034004","Growth","Growth",1,"3"
"170318034005","Stable","Stable",2.11293529943374e-228,"2"
"170318034006","Growth","Growth",1,"3"
"170318035001","Growth","Growth",1,"3"
"170318035002","Growth","Growth",1,"3"
"170318035003","Growth","Growth",1,"3"
"170318035004","Growth","Growth",1,"3"
"170318035005","Growth","Growth",1,"3"
"170318036031","Growth","Growth",1,"3"
"170318036032","Growth","Growth",1,"3"
"170318036033","Growth","Growth",1,"3"
"170318036034","Stable","Stable",7.34773357674019e-196,"2"
"170318036041","Growth","Growth",1,"3"
"170318036042","Decline","Decline",0,"1"
"170318036043","Growth","Growth",1,"3"
"170318036044","Growth","Growth",1,"3"
"170318036051","Growth","Growth",1,"3"
"170318036052","Growth","Growth",1,"3"
"170318036053","Decline","Decline",0,"1"
"170318036055","Growth","Growth",1,"3"
"170318036061","Growth","Growth",1,"3"
"170318036062","Growth","Growth",1,"3"
"170318036063","Growth","Growth",1,"3"
"170318036064","Stable","Stable",3.36547556780083e-19,"2"
"170318036071","Growth","Growth",1,"3"
"170318036072","Growth","Growth",1,"3"
"170318036073","Stable","Stable",0,"2"
"170318036074","Growth","Growth",1,"3"
"170318036081","Growth","Growth",1,"3"
"170318036082","Growth","Growth",1,"3"
"170318036083","Growth","Growth",1,"3"
"170318036101","Growth","Growth",1,"3"
"170318036102","Decline","Decline",0,"1"
"170318036103","Growth","Growth",1,"3"
"170318036104","Decline","Decline",0,"1"
"170318036111","Stable","Stable",3.14938740664879e-266,"2"
"170318036112","Decline","Decline",0,"1"
"170318036113","Growth","Growth",1,"3"
"170318036114","Growth","Growth",1,"3"
"170318036115","Growth","Growth",1,"3"
"170318036121","Growth","Growth",1,"3"
"170318036122","Growth","Growth",1,"3"
"170318036141","Growth","Growth",1,"3"
"170318036142","Stable","Growth",1.18175107992907e-45,"Disagreement"
"170318036151","Growth","Stable",1,"Disagreement"
"170318036152","Growth","Growth",1,"3"
"170318036161","Stable","Decline",0,"Disagreement"
"170318036162","Stable","Stable",1.24648578622995e-106,"2"
"170318036163","Growth","Growth",1,"3"
"170318037011","Growth","Growth",1,"3"
"170318037012","Decline","Decline",0,"1"
"170318037021","Decline","Decline",0,"1"
"170318037022","Growth","Growth",1,"3"
"170318037023","Growth","Growth",1,"3"
"170318037024","Growth","Growth",1,"3"
"170318038001","Growth","Growth",1,"3"
"170318038002","Growth","Growth",1,"3"
"170318038003","Growth","Growth",1,"3"
"170318038004","Growth","Growth",1,"3"
"170318039011","Growth","Growth",1,"3"
"170318039012","Growth","Growth",1,"3"
"170318039021","Stable","Stable",3.25332183389327e-184,"2"
"170318039022","Growth","Growth",1,"3"
"170318039023","Growth","Growth",1,"3"
"170318040001","Growth","Growth",1,"3"
"170318040002","Growth","Growth",1,"3"
"170318041021","Growth","Growth",1,"3"
"170318041022","Growth","Growth",1,"3"
"170318041023","Growth","Growth",1,"3"
"170318041041","Growth","Growth",1,"3"
"170318041042","Growth","Growth",1,"3"
"170318041043","Growth","Growth",1,"3"
"170318041051","Growth","Growth",1,"3"
"170318041052","Growth","Growth",1,"3"
"170318041053","Growth","Growth",1,"3"
"170318041061","Growth","Growth",1,"3"
"170318041062","Growth","Growth",1,"3"
"170318041063","Growth","Growth",1,"3"
"170318041064","Growth","Growth",1,"3"
"170318041081","Growth","Growth",1,"3"
"170318041082","Growth","Growth",1,"3"
"170318041091","Growth","Growth",1,"3"
"170318041092","Growth","Growth",1,"3"
"170318042011","Decline","Decline",0,"1"
"170318042012","Growth","Growth",1,"3"
"170318042013","Decline","Decline",0,"1"
"170318042014","Decline","Decline",0,"1"
"170318042022","Growth","Growth",1,"3"
"170318042023","Growth","Growth",1,"3"
"170318042024","Growth","Growth",1,"3"
"170318042031","Growth","Growth",1,"3"
"170318042032","Growth","Growth",1,"3"
"170318042041","Stable","Decline",0,"Disagreement"
"170318042042","Growth","Growth",1,"3"
"170318042043","Stable","Stable",0,"2"
"170318043051","Growth","Growth",1,"3"
"170318043052","Growth","Growth",1,"3"
"170318043054","Growth","Growth",1,"3"
"170318043061","Growth","Growth",1,"3"
"170318043062","Growth","Growth",1,"3"
"170318043063","Growth","Growth",1,"3"
"170318043081","Decline","Decline",0,"1"
"170318043082","Growth","Growth",1,"3"
"170318043083","Growth","Growth",1,"3"
"170318043091","Growth","Growth",1,"3"
"170318043092","Growth","Growth",1,"3"
"170318043101","Growth","Growth",1,"3"
"170318043102","Decline","Decline",0,"1"
"170318043103","Growth","Growth",1,"3"
"170318043104","Growth","Growth",1,"3"
"170318043111","Decline","Decline",0,"1"
"170318043112","Growth","Growth",1,"3"
"170318043121","Growth","Growth",1,"3"
"170318043131","Growth","Growth",1,"3"
"170318043132","Growth","Growth",1,"3"
"170318043133","Growth","Growth",1,"3"
"170318043141","Decline","Decline",0,"1"
"170318043151","Stable","Stable",1.46770889508513e-204,"2"
"170318043161","Growth","Growth",1,"3"
"170318043162","Stable","Decline",0,"Disagreement"
"170318044032","Growth","Growth",1,"3"
"170318044033","Growth","Growth",1,"3"
"170318044034","Stable","Stable",5.69589336600867e-288,"2"
"170318044041","Growth","Growth",1,"3"
"170318044042","Growth","Growth",1,"3"
"170318044043","Stable","Stable",0,"2"
"170318044044","Stable","Stable",2.42339372796085e-18,"2"
"170318044051","Growth","Growth",1,"3"
"170318044052","Growth","Growth",1,"3"
"170318044061","Growth","Growth",1,"3"
"170318044062","Growth","Growth",1,"3"
"170318044063","Growth","Growth",1,"3"
"170318045051","Growth","Growth",1,"3"
"170318045052","Decline","Decline",0,"1"
"170318045053","Growth","Growth",1,"3"
"170318045061","Growth","Growth",1,"3"
"170318045062","Growth","Growth",1,"3"
"170318045063","Growth","Growth",1,"3"
"170318045071","Growth","Growth",1,"3"
"170318045072","Growth","Growth",1,"3"
"170318045073","Growth","Growth",1,"3"
"170318045081","Stable","Stable",1.19477731132938e-253,"2"
"170318045091","Stable","Stable",2.35038501687105e-74,"2"
"170318045092","Growth","Growth",1,"3"
"170318045093","Growth","Growth",1,"3"
"170318045094","Growth","Growth",1,"3"
"170318045101","Growth","Growth",1,"3"
"170318045102","Growth","Growth",1,"3"
"170318045103","Growth","Growth",1,"3"
"170318045104","Growth","Growth",1,"3"
"170318045111","Growth","Growth",1,"3"
"170318045112","Growth","Growth",1,"3"
"170318045121","Growth","Growth",1,"3"
"170318045122","Growth","Growth",1,"3"
"170318045131","Stable","Decline",0,"Disagreement"
"170318045132","Growth","Growth",1,"3"
"170318045133","Growth","Growth",1,"3"
"170318045141","Growth","Growth",1,"3"
"170318045142","Growth","Growth",1,"3"
"170318045143","Decline","Decline",0,"1"
"170318046031","Decline","Decline",1.06203959393833e-311,"1"
"170318046032","Growth","Growth",1,"3"
"170318046033","Growth","Growth",1,"3"
"170318046061","Stable","Stable",0,"2"
"170318046062","Growth","Growth",1,"3"
"170318046063","Decline","Decline",0,"1"
"170318046064","Growth","Growth",1,"3"
"170318046071","Growth","Growth",1,"3"
"170318046072","Stable","Stable",8.61750465973671e-21,"2"
"170318046073","Growth","Growth",1,"3"
"170318046074","Growth","Growth",1,"3"
"170318046081","Growth","Growth",1,"3"
"170318046082","Growth","Growth",1,"3"
"170318046083","Growth","Growth",1,"3"
"170318046091","Growth","Growth",1,"3"
"170318046092","Stable","Stable",4.93641008211768e-92,"2"
"170318046093","Growth","Growth",1,"3"
"170318046101","Growth","Growth",1,"3"
"170318046102","Decline","Decline",0,"1"
"170318046111","Growth","Growth",1,"3"
"170318046112","Decline","Decline",0,"1"
"170318046113","Growth","Growth",1,"3"
"170318047011","Decline","Stable",0,"Disagreement"
"170318047012","Growth","Growth",1,"3"
"170318047013","Growth","Growth",1,"3"
"170318047014","Stable","Stable",1.46425252560087e-250,"2"
"170318047051","Stable","Stable",4.64373383209512e-85,"2"
"170318047052","Growth","Growth",1,"3"
"170318047053","Stable","Stable",9.99778486442652e-305,"2"
"170318047061","Growth","Growth",1,"3"
"170318047062","Growth","Growth",1,"3"
"170318047092","Growth","Growth",1,"3"
"170318047093","Growth","Growth",1,"3"
"170318047094","Growth","Growth",1,"3"
"170318047095","Growth","Growth",1,"3"
"170318047101","Growth","Growth",1,"3"
"170318047102","Growth","Growth",1,"3"
"170318047103","Growth","Growth",1,"3"
"170318047104","Growth","Growth",1,"3"
"170318047111","Growth","Growth",1,"3"
"170318047112","Growth","Growth",1,"3"
"170318047113","Growth","Growth",1,"3"
"170318047114","Stable","Stable",3.94767690154732e-05,"2"
"170318047121","Stable","Stable",2.48779098814577e-119,"2"
"170318047122","Growth","Growth",1,"3"
"170318047123","Growth","Growth",1,"3"
"170318047131","Stable","Stable",6.80638598685766e-53,"2"
"170318047132","Growth","Growth",1,"3"
"170318047134","Growth","Growth",1,"3"
"170318047141","Growth","Growth",1,"3"
"170318047142","Growth","Growth",1,"3"
"170318047143","Stable","Stable",5.79610564905816e-70,"2"
"170318047151","Growth","Growth",1,"3"
"170318047152","Growth","Growth",1,"3"
"170318047161","Growth","Growth",1,"3"
"170318047162","Growth","Growth",1,"3"
"170318047163","Growth","Growth",1,"3"
"170318048031","Decline","Decline",0,"1"
"170318048032","Growth","Growth",1,"3"
"170318048033","Growth","Growth",1,"3"
"170318048041","Growth","Growth",1,"3"
"170318048042","Decline","Decline",0,"1"
"170318048043","Growth","Growth",1,"3"
"170318048044","Growth","Growth",1,"3"
"170318048051","Growth","Growth",1,"3"
"170318048052","Growth","Growth",1,"3"
"170318048053","Growth","Growth",1,"3"
"170318048054","Growth","Growth",1,"3"
"170318048061","Growth","Growth",1,"3"
"170318048062","Stable","Stable",4.04085944380129e-113,"2"
"170318048063","Growth","Growth",1,"3"
"170318048071","Growth","Growth",1,"3"
"170318048072","Growth","Growth",1,"3"
"170318048073","Growth","Growth",1,"3"
"170318048074","Growth","Growth",1,"3"
"170318048081","Growth","Growth",1,"3"
"170318048082","Growth","Growth",1,"3"
"170318048083","Growth","Growth",1,"3"
"170318048091","Stable","Stable",6.96089371699866e-83,"2"
"170318048092","Growth","Growth",1,"3"
"170318048093","Growth","Growth",1,"3"
"170318048101","Growth","Growth",1,"3"
"170318048102","Growth","Growth",1,"3"
"170318048103","Growth","Growth",1,"3"
"170318049011","Growth","Growth",1,"3"
"170318049012","Growth","Growth",1,"3"
"170318049013","Growth","Growth",1,"3"
"170318049014","Growth","Growth",1,"3"
"170318049015","Growth","Growth",1,"3"
"170318049021","Growth","Growth",1,"3"
"170318049022","Growth","Growth",1,"3"
"170318049023","Growth","Growth",1,"3"
"170318049024","Decline","Decline",0,"1"
"170318049025","Growth","Growth",1,"3"
"170318050011","Stable","Stable",1.28451536129156e-240,"2"
"170318050012","Growth","Growth",1,"3"
"170318050013","Growth","Growth",1,"3"
"170318050014","Growth","Growth",1,"3"
"170318050021","Growth","Growth",1,"3"
"170318050022","Growth","Growth",1,"3"
"170318050023","Growth","Growth",1,"3"
"170318050024","Decline","Decline",0,"1"
"170318050025","Growth","Growth",1,"3"
"170318051051","Growth","Growth",1,"3"
"170318051052","Growth","Growth",1,"3"
"170318051053","Growth","Growth",1,"3"
"170318051054","Growth","Growth",1,"3"
"170318051061","Growth","Growth",1,"3"
"170318051062","Growth","Growth",1,"3"
"170318051071","Growth","Growth",1,"3"
"170318051072","Growth","Growth",1,"3"
"170318051073","Growth","Growth",1,"3"
"170318051074","Growth","Growth",1,"3"
"170318051081","Growth","Growth",1,"3"
"170318051082","Growth","Growth",1,"3"
"170318051083","Growth","Growth",1,"3"
"170318051084","Growth","Growth",1,"3"
"170318051091","Growth","Growth",1,"3"
"170318051092","Growth","Growth",1,"3"
"170318051093","Stable","Stable",4.62843174370273e-145,"2"
"170318051101","Growth","Growth",1,"3"
"170318051102","Growth","Growth",1,"3"
"170318051103","Growth","Growth",1,"3"
"170318051104","Stable","Stable",0,"2"
"170318051111","Growth","Growth",1,"3"
"170318051112","Decline","Decline",0,"1"
"170318051113","Stable","Stable",2.03444540327012e-140,"2"
"170318051114","Growth","Growth",1,"3"
"170318051115","Growth","Growth",1,"3"
"170318051116","Decline","Decline",0,"1"
"170318051121","Growth","Growth",1,"3"
"170318051122","Growth","Growth",1,"3"
"170318052011","Growth","Growth",1,"3"
"170318052012","Growth","Growth",1,"3"
"170318052013","Growth","Growth",1,"3"
"170318052021","Growth","Growth",1,"3"
"170318052022","Growth","Growth",1,"3"
"170318052023","Decline","Decline",0,"1"
"170318052024","Growth","Growth",1,"3"
"170318053011","Growth","Growth",1,"3"
"170318053012","Growth","Growth",1,"3"
"170318053013","Growth","Growth",1,"3"
"170318053021","Growth","Growth",1,"3"
"170318053022","Growth","Growth",1,"3"
"170318053023","Growth","Growth",1,"3"
"170318054011","Growth","Growth",1,"3"
"170318054012","Growth","Growth",1,"3"
"170318054013","Growth","Growth",1,"3"
"170318054021","Growth","Growth",1,"3"
"170318054022","Stable","Stable",4.18044356909803e-273,"2"
"170318054023","Growth","Growth",1,"3"
"170318054025","Growth","Growth",1,"3"
"170318055011","Growth","Growth",1,"3"
"170318055012","Stable","Stable",7.69374837467902e-185,"2"
"170318055013","Growth","Growth",1,"3"
"170318055021","Growth","Growth",1,"3"
"170318055022","Growth","Growth",1,"3"
"170318055023","Stable","Stable",5.39930231507114e-89,"2"
"170318055024","Growth","Growth",1,"3"
"170318056001","Decline","Decline",0,"1"
"170318056002","Growth","Growth",1,"3"
"170318056003","Growth","Growth",1,"3"
"170318056004","Growth","Growth",1,"3"
"170318057011","Growth","Growth",1,"3"
"170318057012","Growth","Growth",1,"3"
"170318057013","Growth","Growth",1,"3"
"170318057014","Growth","Growth",1,"3"
"170318057015","Growth","Growth",1,"3"
"170318057021","Growth","Growth",1,"3"
"170318057022","Growth","Growth",1,"3"
"170318058011","Growth","Growth",1,"3"
"170318058012","Growth","Growth",1,"3"
"170318058013","Growth","Growth",1,"3"
"170318058021","Growth","Growth",1,"3"
"170318058022","Growth","Growth",1,"3"
"170318058023","Growth","Growth",1,"3"
"170318058024","Growth","Growth",1,"3"
"170318058025","Growth","Growth",1,"3"
"170318059011","Growth","Growth",1,"3"
"170318059012","Growth","Growth",1,"3"
"170318059013","Growth","Growth",1,"3"
"170318059021","Growth","Growth",1,"3"
"170318059022","Growth","Growth",1,"3"
"170318059023","Growth","Growth",1,"3"
"170318059024","Growth","Growth",1,"3"
"170318059025","Growth","Growth",1,"3"
"170318059026","Growth","Growth",1,"3"
"170318060012","Growth","Growth",1,"3"
"170318060013","Growth","Growth",1,"3"
"170318060022","Growth","Growth",1,"3"
"170318060023","Growth","Growth",1,"3"
"170318060024","Growth","Growth",1,"3"
"170318060025","Stable","Stable",8.83062739250781e-216,"2"
"170318060031","Growth","Growth",1,"3"
"170318060032","Growth","Growth",1,"3"
"170318060033","Growth","Growth",1,"3"
"170318060035","Growth","Growth",1,"3"
"170318060036","Growth","Growth",1,"3"
"170318060041","Growth","Growth",1,"3"
"170318060042","Growth","Growth",1,"3"
"170318060043","Growth","Growth",1,"3"
"170318060044","Stable","Stable",6.51423861406456e-298,"2"
"170318060051","Growth","Growth",1,"3"
"170318060061","Growth","Growth",1,"3"
"170318060062","Growth","Stable",1,"Disagreement"
"170318060063","Growth","Growth",1,"3"
"170318060064","Growth","Growth",1,"3"
"170318061021","Growth","Growth",1,"3"
"170318061022","Growth","Growth",1,"3"
"170318061023","Growth","Growth",1,"3"
"170318061031","Growth","Growth",1,"3"
"170318061032","Growth","Growth",1,"3"
"170318061033","Growth","Growth",1,"3"
"170318061034","Growth","Growth",1,"3"
"170318061043","Growth","Growth",1,"3"
"170318062011","Growth","Growth",1,"3"
"170318062012","Growth","Growth",1,"3"
"170318062021","Growth","Growth",1,"3"
"170318062022","Growth","Growth",1,"3"
"170318062023","Growth","Growth",1,"3"
"170318063001","Growth","Growth",1,"3"
"170318063002","Growth","Growth",1,"3"
"170318063003","Growth","Growth",1,"3"
"170318063004","Growth","Growth",1,"3"
"170318063005","Growth","Growth",1,"3"
"170318063006","Decline","Decline",0,"1"
"170318064001","Growth","Growth",1,"3"
"170318064002","Growth","Growth",1,"3"
"170318065011","Growth","Growth",1,"3"
"170318065012","Growth","Growth",1,"3"
"170318065021","Decline","Decline",0,"1"
"170318065022","Growth","Growth",1,"3"
"170318065023","Growth","Growth",1,"3"
"170318065024","Growth","Growth",1,"3"
"170318066001","Growth","Growth",1,"3"
"170318066002","Growth","Growth",1,"3"
"170318067001","Growth","Growth",1,"3"
"170318067002","Growth","Growth",1,"3"
"170318067003","Growth","Growth",1,"3"
"170318067004","Decline","Decline",0,"1"
"170318068011","Growth","Growth",1,"3"
"170318068012","Growth","Growth",1,"3"
"170318068013","Growth","Growth",1,"3"
"170318068014","Decline","Decline",0,"1"
"170318068021","Growth","Growth",1,"3"
"170318068022","Growth","Growth",1,"3"
"170318068023","Growth","Growth",1,"3"
"170318069001","Stable","Stable",6.49783380382025e-278,"2"
"170318069002","Growth","Growth",1,"3"
"170318069003","Growth","Growth",1,"3"
"170318070001","Growth","Growth",1,"3"
"170318070002","Decline","Decline",0,"1"
"170318070003","Growth","Growth",1,"3"
"170318070004","Growth","Growth",1,"3"
"170318071001","Growth","Growth",1,"3"
"170318071002","Growth","Growth",1,"3"
"170318071003","Growth","Growth",1,"3"
"170318072001","Growth","Growth",1,"3"
"170318072002","Growth","Growth",1,"3"
"170318072003","Growth","Growth",1,"3"
"170318072004","Decline","Decline",0,"1"
"170318072005","Growth","Growth",1,"3"
"170318073001","Growth","Growth",1,"3"
"170318073002","Stable","Stable",8.4003296188739e-205,"2"
"170318073003","Growth","Growth",1,"3"
"170318073005","Growth","Growth",1,"3"
"170318074001","Stable","Stable",2.94534454235825e-311,"2"
"170318074002","Growth","Growth",1,"3"
"170318074003","Growth","Growth",1,"3"
"170318074005","Growth","Growth",1,"3"
"170318075001","Growth","Growth",1,"3"
"170318075002","Growth","Growth",1,"3"
"170318075003","Growth","Growth",1,"3"
"170318076001","Growth","Growth",1,"3"
"170318076002","Decline","Decline",0,"1"
"170318076005","Growth","Growth",1,"3"
"170318077001","Growth","Growth",1,"3"
"170318077002","Growth","Growth",1,"3"
"170318077003","Growth","Growth",1,"3"
"170318078001","Growth","Growth",1,"3"
"170318078002","Growth","Growth",1,"3"
"170318079001","Growth","Growth",1,"3"
"170318079002","Growth","Growth",1,"3"
"170318079003","Decline","Decline",0,"1"
"170318080011","Stable","Stable",1.18728330281097e-104,"2"
"170318080012","Decline","Decline",0,"1"
"170318080013","Growth","Growth",1,"3"
"170318080021","Growth","Growth",1,"3"
"170318080022","Growth","Growth",1,"3"
"170318080023","Growth","Growth",1,"3"
"170318080024","Growth","Growth",1,"3"
"170318081001","Growth","Growth",1,"3"
"170318081002","Growth","Growth",1,"3"
"170318082001","Growth","Growth",1,"3"
"170318082002","Growth","Growth",1,"3"
"170318082003","Growth","Growth",1,"3"
"170318083011","Decline","Decline",0,"1"
"170318083012","Stable","Stable",1.63722271497701e-141,"2"
"170318083013","Growth","Growth",1,"3"
"170318083014","Decline","Decline",0,"1"
"170318083021","Decline","Decline",0,"1"
"170318083022","Growth","Growth",1,"3"
"170318083023","Growth","Growth",1,"3"
"170318084001","Growth","Growth",1,"3"
"170318084002","Growth","Growth",1,"3"
"170318084003","Growth","Growth",1,"3"
"170318085001","Growth","Growth",1,"3"
"170318085003","Growth","Growth",1,"3"
"170318085004","Growth","Growth",1,"3"
"170318086001","Growth","Growth",1,"3"
"170318086002","Growth","Growth",1,"3"
"170318087021","Decline","Decline",0,"1"
"170318088001","Growth","Growth",1,"3"
"170318088002","Growth","Growth",1,"3"
"170318089001","Growth","Growth",1,"3"
"170318089002","Growth","Growth",1,"3"
"170318089003","Growth","Growth",1,"3"
"170318090001","Growth","Growth",1,"3"
"170318090002","Growth","Growth",1,"3"
"170318090003","Growth","Growth",1,"3"
"170318090004","Growth","Growth",1,"3"
"170318091001","Stable","Stable",0,"2"
"170318091002","Growth","Growth",1,"3"
"170318091003","Decline","Decline",0,"1"
"170318092002","Stable","Stable",2.86699185070095e-96,"2"
"170318092003","Growth","Growth",1,"3"
"170318093003","Growth","Growth",1,"3"
"170318094001","Growth","Growth",1,"3"
"170318094002","Stable","Stable",1.64377500413394e-160,"2"
"170318094003","Decline","Decline",0,"1"
"170318094004","Decline","Decline",2.87226800642258e-171,"1"
"170318094011","Stable","Stable",2.7263592988034e-218,"2"
"170318094012","Growth","Growth",1,"3"
"170318094021","Stable","Stable",0,"2"
"170318094022","Growth","Growth",1,"3"
"170318095001","Decline","Decline",0,"1"
"170318095002","Growth","Growth",1,"3"
"170318095003","Stable","Stable",1.06002395637432e-96,"2"
"170318096001","Decline","Decline",0,"1"
"170318096002","Growth","Growth",1,"3"
"170318097001","Growth","Growth",1,"3"
"170318097002","Growth","Growth",1,"3"
"170318097003","Growth","Growth",1,"3"
"170318098001","Decline","Decline",0,"1"
"170318098002","Growth","Growth",1,"3"
"170318099001","Growth","Growth",1,"3"
"170318099002","Stable","Stable",4.78604115034362e-133,"2"
"170318100001","Growth","Growth",1,"3"
"170318100002","Growth","Growth",1,"3"
"170318100003","Growth","Growth",1,"3"
"170318101001","Decline","Decline",0,"1"
"170318101002","Growth","Growth",1,"3"
"170318101003","Growth","Growth",1,"3"
"170318101004","Growth","Growth",1,"3"
"170318101005","Stable","Stable",0,"2"
"170318102001","Decline","Decline",0,"1"
"170318102002","Growth","Growth",1,"3"
"170318102003","Decline","Decline",0,"1"
"170318102004","Growth","Growth",1,"3"
"170318102005","Decline","Decline",0,"1"
"170318102006","Growth","Growth",1,"3"
"170318103011","Growth","Growth",1,"3"
"170318103012","Growth","Growth",1,"3"
"170318103013","Growth","Growth",1,"3"
"170318103014","Growth","Growth",1,"3"
"170318103021","Growth","Growth",1,"3"
"170318103022","Growth","Growth",1,"3"
"170318103023","Growth","Growth",1,"3"
"170318104001","Growth","Growth",1,"3"
"170318104002","Growth","Growth",1,"3"
"170318104003","Growth","Growth",1,"3"
"170318104004","Growth","Growth",1,"3"
"170318105011","Growth","Growth",1,"3"
"170318105012","Growth","Growth",1,"3"
"170318105013","Growth","Growth",1,"3"
"170318105014","Growth","Growth",1,"3"
"170318105015","Growth","Growth",1,"3"
"170318105021","Growth","Growth",1,"3"
"170318105022","Growth","Growth",1,"3"
"170318105023","Growth","Growth",1,"3"
"170318106001","Stable","Stable",7.15035487400797e-215,"2"
"170318106002","Growth","Growth",1,"3"
"170318106003","Growth","Growth",1,"3"
"170318107011","Growth","Growth",1,"3"
"170318107013","Growth","Growth",1,"3"
"170318107014","Growth","Growth",1,"3"
"170318107021","Growth","Growth",1,"3"
"170318107022","Growth","Growth",1,"3"
"170318107023","Growth","Growth",1,"3"
"170318108001","Growth","Growth",1,"3"
"170318108002","Growth","Growth",1,"3"
"170318108003","Growth","Growth",1,"3"
"170318108004","Growth","Growth",1,"3"
"170318109001","Growth","Growth",1,"3"
"170318109002","Growth","Growth",1,"3"
"170318109004","Stable","Stable",2.78540592988828e-108,"2"
"170318109005","Growth","Growth",1,"3"
"170318110001","Growth","Growth",1,"3"
"170318110002","Growth","Growth",1,"3"
"170318110003","Growth","Growth",1,"3"
"170318110005","Growth","Growth",1,"3"
"170318111001","Stable","Stable",1.22500728440696e-73,"2"
"170318111002","Growth","Growth",1,"3"
"170318111003","Growth","Growth",1,"3"
"170318111004","Growth","Growth",1,"3"
"170318111005","Growth","Growth",1,"3"
"170318112001","Growth","Growth",1,"3"
"170318112002","Growth","Growth",1,"3"
"170318112003","Stable","Stable",1.90236772259411e-307,"2"
"170318112004","Growth","Growth",1,"3"
"170318113011","Growth","Growth",1,"3"
"170318113012","Decline","Decline",0,"1"
"170318113013","Growth","Growth",1,"3"
"170318113014","Growth","Growth",1,"3"
"170318113021","Growth","Growth",1,"3"
"170318113022","Growth","Growth",1,"3"
"170318114011","Growth","Growth",1,"3"
"170318114012","Growth","Growth",1,"3"
"170318114013","Growth","Growth",1,"3"
"170318114014","Growth","Growth",1,"3"
"170318114015","Growth","Growth",1,"3"
"170318114021","Growth","Growth",1,"3"
"170318114022","Decline","Decline",0,"1"
"170318114023","Growth","Growth",1,"3"
"170318115001","Growth","Growth",1,"3"
"170318115002","Growth","Growth",1,"3"
"170318115003","Growth","Growth",1,"3"
"170318115004","Stable","Stable",9.64072386744276e-15,"2"
"170318116001","Growth","Growth",1,"3"
"170318116002","Growth","Growth",1,"3"
"170318116003","Decline","Decline",0,"1"
"170318117011","Growth","Growth",1,"3"
"170318117012","Growth","Growth",1,"3"
"170318117021","Growth","Growth",1,"3"
"170318117022","Decline","Decline",0,"1"
"170318117023","Growth","Growth",1,"3"
"170318118001","Decline","Decline",0,"1"
"170318118002","Stable","Stable",7.6073895615793e-23,"2"
"170318118003","Growth","Growth",1,"3"
"170318118004","Growth","Growth",1,"3"
"170318119001","Growth","Growth",1,"3"
"170318119003","Growth","Growth",1,"3"
"170318119004","Growth","Growth",1,"3"
"170318120003","Stable","Stable",2.70863734367574e-250,"2"
"170318120004","Growth","Growth",1,"3"
"170318120005","Growth","Growth",1,"3"
"170318120006","Growth","Growth",1,"3"
"170318121001","Growth","Growth",1,"3"
"170318121002","Growth","Growth",1,"3"
"170318121003","Growth","Growth",1,"3"
"170318121004","Growth","Growth",1,"3"
"170318121005","Growth","Growth",1,"3"
"170318122001","Growth","Growth",1,"3"
"170318122002","Growth","Growth",1,"3"
"170318122003","Growth","Growth",1,"3"
"170318122004","Stable","Stable",1.78766139034734e-67,"2"
"170318123011","Decline","Decline",0,"1"
"170318123012","Growth","Growth",1,"3"
"170318123013","Growth","Growth",1,"3"
"170318123021","Decline","Decline",0,"1"
"170318123022","Growth","Growth",1,"3"
"170318123023","Growth","Growth",1,"3"
"170318124001","Growth","Growth",1,"3"
"170318124002","Decline","Decline",0,"1"
"170318124003","Growth","Growth",1,"3"
"170318125001","Growth","Growth",1,"3"
"170318125002","Growth","Growth",1,"3"
"170318125003","Growth","Growth",1,"3"
"170318125004","Decline","Decline",0,"1"
"170318126001","Growth","Growth",1,"3"
"170318126002","Growth","Growth",1,"3"
"170318126003","Growth","Growth",1,"3"
"170318126004","Growth","Growth",1,"3"
"170318127001","Growth","Growth",1,"3"
"170318127002","Growth","Growth",1,"3"
"170318127003","Growth","Growth",1,"3"
"170318128011","Growth","Growth",1,"3"
"170318128012","Growth","Growth",1,"3"
"170318128021","Growth","Growth",1,"3"
"170318128022","Growth","Growth",1,"3"
"170318128023","Growth","Growth",1,"3"
"170318129001","Growth","Growth",1,"3"
"170318129002","Growth","Growth",1,"3"
"170318129003","Decline","Decline",0,"1"
"170318129004","Growth","Growth",1,"3"
"170318130001","Growth","Growth",1,"3"
"170318130002","Growth","Growth",1,"3"
"170318130003","Growth","Growth",1,"3"
"170318130004","Growth","Growth",1,"3"
"170318130005","Growth","Growth",1,"3"
"170318131001","Growth","Growth",1,"3"
"170318131002","Growth","Growth",1,"3"
"170318131003","Decline","Decline",0,"1"
"170318131004","Growth","Growth",1,"3"
"170318131005","Growth","Growth",1,"3"
"170318132001","Stable","Stable",1.27476082178033e-99,"2"
"170318132002","Growth","Growth",1,"3"
"170318132003","Growth","Growth",1,"3"
"170318132004","Growth","Growth",1,"3"
"170318132005","Growth","Growth",1,"3"
"170318133011","Growth","Growth",1,"3"
"170318133012","Growth","Growth",1,"3"
"170318133013","Stable","Stable",8.63360400400059e-27,"2"
"170318133021","Growth","Growth",1,"3"
"170318133022","Growth","Growth",1,"3"
"170318134001","Growth","Growth",1,"3"
"170318134002","Growth","Growth",1,"3"
"170318134003","Growth","Growth",1,"3"
"170318134004","Growth","Growth",1,"3"
"170318134006","Growth","Growth",1,"3"
"170318135001","Growth","Growth",1,"3"
"170318135002","Growth","Growth",1,"3"
"170318135003","Growth","Growth",1,"3"
"170318135004","Growth","Growth",1,"3"
"170318136002","Growth","Growth",1,"3"
"170318136003","Growth","Growth",1,"3"
"170318137011","Stable","Stable",5.70934386618621e-46,"2"
"170318137012","Growth","Growth",1,"3"
"170318137021","Growth","Growth",1,"3"
"170318137022","Growth","Growth",1,"3"
"170318137023","Growth","Growth",1,"3"
"170318138011","Growth","Growth",1,"3"
"170318138012","Growth","Growth",1,"3"
"170318138013","Growth","Growth",1,"3"
"170318138022","Growth","Growth",1,"3"
"170318138023","Growth","Growth",1,"3"
"170318139001","Growth","Growth",1,"3"
"170318139002","Stable","Stable",3.8240562803812e-38,"2"
"170318139003","Growth","Growth",1,"3"
"170318139004","Growth","Growth",1,"3"
"170318139005","Growth","Growth",1,"3"
"170318140001","Growth","Growth",1,"3"
"170318140002","Growth","Growth",1,"3"
"170318140003","Decline","Decline",0,"1"
"170318140004","Growth","Growth",1,"3"
"170318141001","Growth","Growth",1,"3"
"170318141002","Growth","Growth",1,"3"
"170318141003","Growth","Growth",1,"3"
"170318142001","Growth","Growth",1,"3"
"170318142002","Growth","Growth",1,"3"
"170318142003","Growth","Growth",1,"3"
"170318142004","Growth","Growth",1,"3"
"170318142005","Growth","Growth",1,"3"
"170318142006","Growth","Growth",1,"3"
"170318143001","Growth","Growth",1,"3"
"170318143002","Growth","Growth",1,"3"
"170318144001","Growth","Growth",1,"3"
"170318144003","Decline","Decline",0,"1"
"170318144004","Growth","Growth",0.999999999996928,"3"
"170318144005","Decline","Decline",0,"1"
"170318145001","Growth","Growth",1,"3"
"170318145002","Growth","Growth",1,"3"
"170318145003","Growth","Growth",1,"3"
"170318146001","Growth","Growth",1,"3"
"170318146002","Growth","Growth",1,"3"
"170318146003","Growth","Growth",1,"3"
"170318146004","Growth","Growth",1,"3"
"170318146005","Growth","Growth",1,"3"
"170318147001","Growth","Growth",1,"3"
"170318147002","Growth","Growth",1,"3"
"170318147003","Stable","Stable",9.04976827287715e-263,"2"
"170318147004","Growth","Growth",1,"3"
"170318148001","Decline","Decline",0,"1"
"170318148002","Decline","Decline",0,"1"
"170318148003","Growth","Growth",1,"3"
"170318148004","Growth","Growth",1,"3"
"170318148005","Growth","Growth",1,"3"
"170318149001","Decline","Decline",0,"1"
"170318149002","Stable","Stable",3.3873421250243e-20,"2"
"170318149003","Growth","Growth",1,"3"
"170318149004","Growth","Growth",1,"3"
"170318150001","Growth","Growth",1,"3"
"170318150002","Growth","Growth",1,"3"
"170318150003","Growth","Growth",1,"3"
"170318151001","Growth","Growth",1,"3"
"170318151002","Growth","Growth",1,"3"
"170318151003","Growth","Growth",1,"3"
"170318152003","Stable","Stable",5.83478158226669e-86,"2"
"170318152004","Stable","Stable",1.00179626824609e-34,"2"
"170318152005","Growth","Growth",1,"3"
"170318153001","Growth","Growth",1,"3"
"170318153002","Growth","Growth",1,"3"
"170318153003","Growth","Growth",1,"3"
"170318153004","Growth","Growth",1,"3"
"170318154001","Stable","Stable",1.68110826676409e-80,"2"
"170318154004","Growth","Growth",1,"3"
"170318155001","Growth","Growth",1,"3"
"170318155002","Growth","Growth",1,"3"
"170318155003","Decline","Decline",0,"1"
"170318155004","Growth","Growth",1,"3"
"170318155005","Growth","Growth",1,"3"
"170318155006","Growth","Growth",1,"3"
"170318156001","Stable","Stable",1.70220723923979e-134,"2"
"170318156003","Growth","Growth",1,"3"
"170318156004","Growth","Growth",1,"3"
"170318156005","Growth","Growth",1,"3"
"170318157011","Growth","Growth",1,"3"
"170318157012","Growth","Growth",1,"3"
"170318157014","Growth","Growth",1,"3"
"170318157021","Growth","Growth",1,"3"
"170318157022","Growth","Growth",1,"3"
"170318157023","Growth","Growth",1,"3"
"170318157024","Decline","Decline",0,"1"
"170318157025","Growth","Growth",1,"3"
"170318158001","Growth","Growth",1,"3"
"170318159002","Growth","Growth",1,"3"
"170318159003","Growth","Growth",1,"3"
"170318160001","Growth","Growth",1,"3"
"170318160002","Growth","Growth",1,"3"
"170318160003","Growth","Growth",1,"3"
"170318161001","Growth","Growth",1,"3"
"170318161003","Growth","Growth",1,"3"
"170318161004","Stable","Stable",8.28529685503817e-272,"2"
"170318161005","Decline","Decline",0,"1"
"170318161006","Decline","Decline",0,"1"
"170318162001","Growth","Growth",1,"3"
"170318162002","Growth","Growth",1,"3"
"170318162003","Growth","Growth",1,"3"
"170318163001","Stable","Stable",8.41449888674633e-46,"2"
"170318163002","Growth","Growth",1,"3"
"170318163003","Growth","Growth",1,"3"
"170318164011","Growth","Growth",1,"3"
"170318164012","Growth","Growth",1,"3"
"170318164013","Growth","Growth",1,"3"
"170318164021","Growth","Growth",1,"3"
"170318164022","Growth","Growth",1,"3"
"170318164023","Growth","Growth",1,"3"
"170318164024","Growth","Growth",1,"3"
"170318165001","Stable","Stable",2.89745107326625e-74,"2"
"170318165002","Growth","Growth",1,"3"
"170318165003","Growth","Growth",1,"3"
"170318166001","Growth","Growth",1,"3"
"170318166002","Growth","Growth",1,"3"
"170318166003","Growth","Growth",1,"3"
"170318167002","Growth","Growth",1,"3"
"170318168001","Growth","Growth",1,"3"
"170318168002","Growth","Growth",1,"3"
"170318168003","Growth","Growth",1,"3"
"170318168004","Growth","Growth",1,"3"
"170318169001","Growth","Growth",1,"3"
"170318169002","Growth","Growth",1,"3"
"170318169003","Growth","Growth",1,"3"
"170318169004","Growth","Growth",1,"3"
"170318170001","Growth","Growth",1,"3"
"170318170002","Stable","Stable",1.22203962790637e-212,"2"
"170318170003","Growth","Growth",1,"3"
"170318170004","Growth","Growth",1,"3"
"170318170005","Growth","Growth",1,"3"
"170318171013","Growth","Growth",1,"3"
"170318171014","Growth","Growth",1,"3"
"170318171021","Decline","Decline",0,"1"
"170318171022","Growth","Growth",1,"3"
"170318171023","Growth","Growth",1,"3"
"170318172001","Growth","Growth",1,"3"
"170318172002","Growth","Growth",1,"3"
"170318172004","Growth","Growth",1,"3"
"170318173001","Growth","Growth",1,"3"
"170318174001","Growth","Growth",1,"3"
"170318174002","Growth","Growth",1,"3"
"170318174003","Growth","Growth",1,"3"
"170318175001","Growth","Growth",1,"3"
"170318175003","Growth","Growth",1,"3"
"170318175004","Growth","Growth",1,"3"
"170318176001","Stable","Stable",4.8361817829038e-145,"2"
"170318176002","Growth","Growth",1,"3"
"170318176003","Decline","Decline",0,"1"
"170318177001","Growth","Growth",1,"3"
"170318177002","Growth","Growth",1,"3"
"170318177003","Growth","Growth",1,"3"
"170318177004","Decline","Decline",0,"1"
"170318179001","Growth","Growth",1,"3"
"170318179002","Decline","Decline",0,"1"
"170318179003","Decline","Decline",0,"1"
"170318179005","Growth","Growth",1,"3"
"170318180001","Decline","Decline",0,"1"
"170318180002","Growth","Growth",1,"3"
"170318180003","Decline","Decline",0,"1"
"170318181001","Growth","Growth",1,"3"
"170318181002","Growth","Growth",1,"3"
"170318182001","Growth","Growth",1,"3"
"170318182002","Growth","Growth",1,"3"
"170318182003","Growth","Growth",1,"3"
"170318182004","Growth","Growth",1,"3"
"170318183001","Growth","Growth",1,"3"
"170318183002","Stable","Stable",7.00790382050256e-46,"2"
"170318183003","Growth","Growth",1,"3"
"170318184011","Growth","Growth",1,"3"
"170318184012","Growth","Growth",1,"3"
"170318184013","Decline","Decline",0,"1"
"170318184014","Growth","Growth",1,"3"
"170318184021","Growth","Growth",1,"3"
"170318184022","Growth","Growth",1,"3"
"170318184023","Growth","Growth",1,"3"
"170318185001","Growth","Growth",1,"3"
"170318185002","Growth","Growth",1,"3"
"170318185003","Stable","Stable",7.79766637870974e-58,"2"
"170318185004","Growth","Growth",1,"3"
"170318186001","Growth","Growth",1,"3"
"170318186002","Growth","Growth",1,"3"
"170318186003","Growth","Growth",1,"3"
"170318187001","Stable","Stable",0,"2"
"170318187002","Growth","Growth",1,"3"
"170318187003","Growth","Growth",1,"3"
"170318187004","Growth","Growth",1,"3"
"170318188001","Growth","Growth",1,"3"
"170318188002","Growth","Growth",1,"3"
"170318188003","Growth","Growth",1,"3"
"170318188004","Growth","Growth",1,"3"
"170318188005","Growth","Growth",1,"3"
"170318188006","Growth","Growth",1,"3"
"170318189001","Growth","Growth",1,"3"
"170318189002","Growth","Growth",1,"3"
"170318189003","Growth","Growth",1,"3"
"170318190001","Growth","Growth",1,"3"
"170318190002","Growth","Growth",1,"3"
"170318190003","Growth","Growth",1,"3"
"170318190004","Growth","Growth",1,"3"
"170318191001","Decline","Decline",0,"1"
"170318191002","Growth","Growth",1,"3"
"170318191003","Stable","Stable",2.11730522061165e-68,"2"
"170318191004","Growth","Growth",1,"3"
"170318192001","Growth","Growth",1,"3"
"170318192002","Growth","Growth",1,"3"
"170318192003","Growth","Growth",1,"3"
"170318192004","Growth","Growth",1,"3"
"170318193001","Growth","Growth",1,"3"
"170318193002","Growth","Growth",1,"3"
"170318193003","Growth","Growth",1,"3"
"170318194001","Decline","Decline",0,"1"
"170318194003","Growth","Growth",1,"3"
"170318194004","Growth","Growth",1,"3"
"170318194005","Stable","Stable",1.63903204898268e-281,"2"
"170318195001","Growth","Growth",1,"3"
"170318195002","Growth","Growth",1,"3"
"170318195003","Growth","Growth",1,"3"
"170318195004","Decline","Decline",0,"1"
"170318196001","Growth","Growth",1,"3"
"170318196002","Growth","Growth",1,"3"
"170318196003","Growth","Growth",1,"3"
"170318196004","Growth","Growth",1,"3"
"170318197001","Growth","Growth",1,"3"
"170318197002","Growth","Growth",1,"3"
"170318197003","Growth","Growth",1,"3"
"170318197004","Growth","Growth",1,"3"
"170318198011","Growth","Growth",1,"3"
"170318198012","Growth","Growth",1,"3"
"170318198013","Growth","Growth",1,"3"
"170318198014","Growth","Growth",1,"3"
"170318198015","Growth","Growth",1,"3"
"170318198021","Growth","Growth",1,"3"
"170318198022","Growth","Growth",1,"3"
"170318199001","Growth","Growth",1,"3"
"170318199002","Growth","Growth",1,"3"
"170318199003","Growth","Growth",1,"3"
"170318200001","Growth","Growth",1,"3"
"170318200002","Stable","Stable",0,"2"
"170318201011","Growth","Growth",1,"3"
"170318201012","Growth","Growth",1,"3"
"170318201013","Growth","Growth",1,"3"
"170318201015","Growth","Growth",1,"3"
"170318201016","Growth","Growth",1,"3"
"170318201017","Decline","Decline",0,"1"
"170318201031","Stable","Stable",0,"2"
"170318201032","Growth","Growth",1,"3"
"170318201033","Growth","Growth",1,"3"
"170318201034","Growth","Growth",1,"3"
"170318201041","Growth","Growth",1,"3"
"170318201042","Stable","Stable",5.35470892331879e-25,"2"
"170318201043","Growth","Growth",1,"3"
"170318201044","Growth","Growth",1,"3"
"170318202011","Growth","Growth",1,"3"
"170318202012","Growth","Growth",1,"3"
"170318202013","Stable","Stable",1.94089839788463e-243,"2"
"170318202014","Growth","Growth",1,"3"
"170318202021","Growth","Growth",1,"3"
"170318202022","Growth","Growth",1,"3"
"170318202023","Growth","Growth",1,"3"
"170318202031","Decline","Decline",0,"1"
"170318202032","Decline","Decline",0,"1"
"170318202041","Growth","Growth",1,"3"
"170318202042","Growth","Growth",1,"3"
"170318202043","Decline","Decline",0,"1"
"170318203001","Growth","Growth",1,"3"
"170318203002","Growth","Growth",1,"3"
"170318203003","Growth","Growth",1,"3"
"170318203004","Growth","Growth",1,"3"
"170318204001","Growth","Growth",1,"3"
"170318204002","Decline","Decline",0,"1"
"170318204003","Growth","Growth",1,"3"
"170318205011","Growth","Growth",1,"3"
"170318205012","Growth","Growth",1,"3"
"170318205013","Decline","Stable",5.95663647865798e-311,"Disagreement"
"170318205014","Decline","Decline",0,"1"
"170318205015","Growth","Growth",1,"3"
"170318205021","Growth","Growth",1,"3"
"170318205023","Stable","Stable",2.53905490631235e-208,"2"
"170318205024","Growth","Growth",1,"3"
"170318206031","Growth","Growth",1,"3"
"170318206032","Growth","Growth",1,"3"
"170318206033","Growth","Growth",1,"3"
"170318206041","Growth","Growth",1,"3"
"170318206042","Growth","Growth",1,"3"
"170318206051","Growth","Growth",1,"3"
"170318206052","Growth","Growth",1,"3"
"170318206053","Decline","Decline",0,"1"
"170318206061","Growth","Growth",1,"3"
"170318206062","Growth","Growth",1,"3"
"170318207001","Growth","Growth",1,"3"
"170318207002","Decline","Decline",0,"1"
"170318207003","Growth","Growth",1,"3"
"170318207004","Growth","Growth",1,"3"
"170318208001","Growth","Growth",1,"3"
"170318208002","Stable","Stable",9.987692645688e-07,"2"
"170318208003","Growth","Growth",1,"3"
"170318209011","Growth","Growth",1,"3"
"170318209012","Growth","Growth",1,"3"
"170318209013","Growth","Growth",1,"3"
"170318209014","Growth","Growth",1,"3"
"170318209021","Growth","Growth",1,"3"
"170318209022","Growth","Growth",1,"3"
"170318209023","Growth","Growth",1,"3"
"170318209024","Growth","Growth",1,"3"
"170318210011","Decline","Decline",0,"1"
"170318210012","Stable","Stable",2.08952358343678e-79,"2"
"170318210013","Growth","Growth",1,"3"
"170318210014","Stable","Stable",1.24216090568262e-186,"2"
"170318210021","Growth","Growth",1,"3"
"170318210022","Growth","Growth",1,"3"
"170318210023","Growth","Growth",1,"3"
"170318210024","Growth","Growth",1,"3"
"170318210025","Decline","Decline",0,"1"
"170318211011","Growth","Growth",1,"3"
"170318211012","Growth","Growth",1,"3"
"170318211013","Growth","Growth",1,"3"
"170318211014","Growth","Growth",1,"3"
"170318211021","Growth","Growth",1,"3"
"170318211022","Growth","Growth",1,"3"
"170318211023","Growth","Growth",1,"3"
"170318211024","Growth","Growth",1,"3"
"170318212001","Decline","Decline",0,"1"
"170318212002","Growth","Growth",1,"3"
"170318212003","Growth","Growth",1,"3"
"170318212004","Decline","Decline",0,"1"
"170318213001","Growth","Growth",1,"3"
"170318213002","Growth","Growth",1,"3"
"170318213003","Growth","Growth",1,"3"
"170318213004","Stable","Stable",1.88542191568516e-233,"2"
"170318214012","Growth","Growth",1,"3"
"170318214013","Decline","Decline",0,"1"
"170318214014","Growth","Growth",1,"3"
"170318214021","Growth","Growth",1,"3"
"170318214022","Growth","Growth",1,"3"
"170318214023","Growth","Growth",1,"3"
"170318215001","Decline","Decline",0,"1"
"170318216001","Growth","Growth",1,"3"
"170318216002","Growth","Growth",1,"3"
"170318216003","Growth","Growth",1,"3"
"170318216004","Growth","Growth",1,"3"
"170318216005","Growth","Growth",1,"3"
"170318217001","Growth","Growth",1,"3"
"170318217002","Growth","Growth",1,"3"
"170318217003","Growth","Growth",1,"3"
"170318217004","Decline","Decline",0,"1"
"170318218001","Growth","Growth",1,"3"
"170318218002","Growth","Growth",1,"3"
"170318218003","Decline","Decline",0,"1"
"170318218004","Growth","Growth",1,"3"
"170318218005","Growth","Growth",1,"3"
"170318218006","Growth","Growth",1,"3"
"170318219001","Growth","Growth",1,"3"
"170318219003","Growth","Growth",1,"3"
"170318219004","Growth","Growth",1,"3"
"170318219005","Growth","Growth",1,"3"
"170318220001","Growth","Growth",1,"3"
"170318220002","Growth","Growth",1,"3"
"170318220003","Stable","Stable",7.27294959023481e-97,"2"
"170318220004","Growth","Growth",1,"3"
"170318220005","Growth","Growth",1,"3"
"170318221011","Growth","Growth",1,"3"
"170318221012","Growth","Growth",1,"3"
"170318221013","Growth","Growth",1,"3"
"170318221022","Growth","Growth",1,"3"
"170318221023","Growth","Growth",1,"3"
"170318221024","Growth","Growth",1,"3"
"170318222001","Stable","Stable",4.13317038156942e-143,"2"
"170318222002","Growth","Growth",1,"3"
"170318222003","Growth","Growth",1,"3"
"170318223011","Growth","Growth",1,"3"
"170318223012","Growth","Growth",1,"3"
"170318223013","Growth","Growth",1,"3"
"170318223014","Growth","Growth",1,"3"
"170318223021","Growth","Growth",1,"3"
"170318223022","Growth","Growth",1,"3"
"170318223023","Growth","Growth",1,"3"
"170318224001","Growth","Growth",1,"3"
"170318224002","Growth","Growth",1,"3"
"170318224003","Growth","Growth",1,"3"
"170318224004","Growth","Growth",1,"3"
"170318225001","Growth","Growth",1,"3"
"170318225002","Growth","Growth",1,"3"
"170318225003","Growth","Growth",1,"3"
"170318225004","Growth","Growth",1,"3"
"170318226011","Growth","Growth",1,"3"
"170318226012","Growth","Growth",1,"3"
"170318226013","Growth","Growth",1,"3"
"170318226021","Growth","Growth",1,"3"
"170318226022","Growth","Growth",1,"3"
"170318226023","Decline","Decline",0,"1"
"170318226024","Growth","Growth",1,"3"
"170318227011","Growth","Growth",1,"3"
"170318227012","Growth","Growth",1,"3"
"170318227013","Growth","Growth",1,"3"
"170318227021","Growth","Growth",1,"3"
"170318227022","Growth","Growth",1,"3"
"170318227023","Growth","Growth",1,"3"
"170318228011","Growth","Growth",1,"3"
"170318228012","Growth","Growth",1,"3"
"170318228021","Growth","Growth",1,"3"
"170318228022","Growth","Growth",1,"3"
"170318228023","Growth","Growth",1,"3"
"170318229001","Growth","Growth",1,"3"
"170318230011","Growth","Growth",1,"3"
"170318230012","Growth","Growth",1,"3"
"170318230013","Growth","Growth",1,"3"
"170318230014","Growth","Growth",1,"3"
"170318230015","Growth","Growth",1,"3"
"170318230021","Growth","Growth",1,"3"
"170318230022","Growth","Growth",1,"3"
"170318230024","Growth","Growth",1,"3"
"170318231011","Decline","Decline",0,"1"
"170318231012","Decline","Decline",0,"1"
"170318231013","Growth","Growth",1,"3"
"170318231014","Growth","Growth",1,"3"
"170318231015","Decline","Decline",0,"1"
"170318231021","Decline","Decline",0,"1"
"170318231022","Growth","Growth",1,"3"
"170318232001","Growth","Growth",1,"3"
"170318232002","Growth","Growth",1,"3"
"170318233021","Growth","Growth",0.999999999999962,"3"
"170318233022","Decline","Decline",0,"1"
"170318233023","Growth","Growth",1,"3"
"170318233031","Growth","Growth",1,"3"
"170318233032","Decline","Decline",0,"1"
"170318233033","Growth","Growth",1,"3"
"170318233034","Growth","Growth",1,"3"
"170318233035","Growth","Growth",1,"3"
"170318233041","Growth","Growth",1,"3"
"170318233042","Growth","Growth",1,"3"
"170318233043","Growth","Growth",1,"3"
"170318233044","Growth","Growth",1,"3"
"170318233046","Decline","Decline",0,"1"
"170318234001","Growth","Growth",1,"3"
"170318234002","Growth","Growth",1,"3"
"170318234004","Growth","Growth",1,"3"
"170318235001","Growth","Growth",1,"3"
"170318235002","Growth","Growth",1,"3"
"170318235003","Growth","Growth",1,"3"
"170318235004","Growth","Growth",1,"3"
"170318236021","Growth","Growth",1,"3"
"170318236022","Decline","Decline",0,"1"
"170318236023","Growth","Growth",1,"3"
"170318236024","Growth","Growth",1,"3"
"170318236031","Growth","Growth",1,"3"
"170318236032","Growth","Growth",1,"3"
"170318236041","Growth","Growth",1,"3"
"170318236042","Growth","Growth",1,"3"
"170318236043","Growth","Growth",1,"3"
"170318236051","Growth","Growth",1,"3"
"170318236052","Growth","Growth",1,"3"
"170318236053","Growth","Growth",1,"3"
"170318237021","Growth","Growth",1,"3"
"170318237022","Growth","Growth",1,"3"
"170318237023","Growth","Growth",1,"3"
"170318237024","Growth","Growth",1,"3"
"170318237031","Growth","Growth",1,"3"
"170318237032","Growth","Growth",1,"3"
"170318237033","Decline","Decline",0,"1"
"170318237034","Growth","Growth",1,"3"
"170318237041","Decline","Decline",0,"1"
"170318237042","Growth","Growth",1,"3"
"170318237043","Growth","Growth",1,"3"
"170318237051","Growth","Growth",1,"3"
"170318237052","Growth","Growth",1,"3"
"170318237054","Growth","Growth",1,"3"
"170318238011","Growth","Growth",1,"3"
"170318238012","Growth","Growth",1,"3"
"170318238013","Growth","Growth",1,"3"
"170318238031","Growth","Growth",1,"3"
"170318238032","Growth","Growth",1,"3"
"170318238033","Growth","Growth",1,"3"
"170318238034","Decline","Decline",0,"1"
"170318238051","Growth","Growth",1,"3"
"170318238052","Decline","Decline",0,"1"
"170318238053","Growth","Growth",1,"3"
"170318238061","Growth","Growth",1,"3"
"170318238062","Growth","Growth",1,"3"
"170318238063","Growth","Growth",1,"3"
"170318238064","Growth","Growth",1,"3"
"170318239011","Growth","Growth",1,"3"
"170318239012","Growth","Growth",1,"3"
"170318239031","Growth","Growth",1,"3"
"170318239032","Growth","Growth",1,"3"
"170318239033","Growth","Growth",1,"3"
"170318239034","Growth","Growth",1,"3"
"170318239041","Growth","Growth",1,"3"
"170318239042","Growth","Growth",1,"3"
"170318239043","Growth","Growth",1,"3"
"170318239044","Growth","Growth",1,"3"
"170318240031","Decline","Decline",0,"1"
"170318240032","Growth","Growth",1,"3"
"170318240033","Growth","Growth",1,"3"
"170318240041","Decline","Decline",0,"1"
"170318240042","Growth","Growth",1,"3"
"170318240043","Growth","Growth",1,"3"
"170318240051","Growth","Growth",1,"3"
"170318240052","Growth","Growth",1,"3"
"170318240053","Growth","Growth",1,"3"
"170318240061","Growth","Growth",1,"3"
"170318240062","Growth","Growth",1,"3"
"170318241051","Growth","Growth",1,"3"
"170318241052","Growth","Growth",1,"3"
"170318241053","Growth","Growth",1,"3"
"170318241061","Growth","Growth",1,"3"
"170318241062","Decline","Decline",0,"1"
"170318241063","Decline","Decline",0,"1"
"170318241071","Growth","Growth",1,"3"
"170318241072","Decline","Decline",0,"1"
"170318241073","Growth","Growth",1,"3"
"170318241074","Decline","Decline",0,"1"
"170318241081","Growth","Growth",1,"3"
"170318241082","Growth","Growth",1,"3"
"170318241083","Growth","Growth",1,"3"
"170318241131","Growth","Growth",1,"3"
"170318241132","Growth","Growth",1,"3"
"170318241134","Growth","Growth",1,"3"
"170318241141","Growth","Growth",1,"3"
"170318241142","Growth","Growth",1,"3"
"170318241151","Growth","Growth",1,"3"
"170318241152","Growth","Growth",0.999999999999807,"3"
"170318241161","Growth","Growth",1,"3"
"170318241162","Growth","Growth",1,"3"
"170318241163","Growth","Growth",1,"3"
"170318241164","Growth","Growth",1,"3"
"170318241171","Growth","Growth",1,"3"
"170318241172","Growth","Growth",1,"3"
"170318241173","Stable","Stable",3.22600359469233e-169,"2"
"170318241174","Growth","Growth",1,"3"
"170318241191","Decline","Decline",0,"1"
"170318241192","Growth","Growth",1,"3"
"170318241193","Growth","Growth",1,"3"
"170318241201","Growth","Growth",1,"3"
"170318241202","Stable","Stable",0,"2"
"170318241203","Decline","Decline",0,"1"
"170318241204","Growth","Growth",1,"3"
"170318241211","Growth","Growth",1,"3"
"170318241212","Growth","Growth",1,"3"
"170318241221","Growth","Growth",1,"3"
"170318241222","Growth","Growth",1,"3"
"170318241223","Growth","Growth",1,"3"
"170318241231","Growth","Growth",1,"3"
"170318241232","Growth","Growth",1,"3"
"170318241233","Growth","Growth",1,"3"
"170318241234","Growth","Growth",1,"3"
"170318241235","Growth","Growth",1,"3"
"170318241242","Growth","Growth",1,"3"
"170318241251","Growth","Growth",1,"3"
"170318241252","Growth","Growth",1,"3"
"170318241261","Growth","Growth",1,"3"
"170318241262","Growth","Growth",1,"3"
"170318241271","Growth","Growth",1,"3"
"170318241272","Stable","Decline",0,"Disagreement"
"170318241281","Growth","Growth",1,"3"
"170318241282","Growth","Growth",1,"3"
"170318241291","Growth","Growth",1,"3"
"170318241292","Growth","Growth",1,"3"
"170318243001","Growth","Growth",1,"3"
"170318244001","Growth","Growth",1,"3"
"170318245031","Growth","Growth",1,"3"
"170318245032","Decline","Decline",0,"1"
"170318245033","Growth","Growth",1,"3"
"170318245034","Growth","Growth",1,"3"
"170318245035","Decline","Decline",0,"1"
"170318245051","Growth","Growth",1,"3"
"170318245052","Decline","Decline",0,"1"
"170318245053","Decline","Decline",0,"1"
"170318245054","Growth","Growth",1,"3"
"170318245061","Growth","Growth",1,"3"
"170318245062","Growth","Growth",1,"3"
"170318245063","Decline","Decline",0,"1"
"170318245064","Decline","Decline",0,"1"
"170318245065","Decline","Decline",0,"1"
"170318245071","Growth","Growth",1,"3"
"170318245072","Growth","Growth",1,"3"
"170318245081","Growth","Growth",1,"3"
"170318245082","Stable","Stable",1.03069927854121e-128,"2"
"170318245091","Growth","Growth",1,"3"
"170318245093","Growth","Growth",1,"3"
"170318246011","Decline","Decline",0,"1"
"170318246012","Growth","Growth",1,"3"
"170318246013","Growth","Growth",1,"3"
"170318246014","Growth","Growth",1,"3"
"170318246021","Growth","Growth",1,"3"
"170318246022","Growth","Growth",1,"3"
"170318246023","Growth","Growth",1,"3"
"170318246024","Decline","Decline",0,"1"
"170318246025","Stable","Stable",1.91962892559629e-225,"2"
"170318247011","Decline","Decline",0,"1"
"170318247012","Growth","Growth",1,"3"
"170318247013","Growth","Growth",1,"3"
"170318247021","Growth","Growth",1,"3"
"170318247023","Growth","Growth",1,"3"
"170318248001","Growth","Growth",1,"3"
"170318248002","Growth","Growth",1,"3"
"170318248003","Growth","Growth",1,"3"
"170318248004","Growth","Growth",1,"3"
"170318249001","Growth","Growth",1,"3"
"170318249002","Growth","Growth",1,"3"
"170318250001","Growth","Growth",1,"3"
"170318250002","Growth","Growth",1,"3"
"170318250003","Growth","Growth",1,"3"
"170318252001","Decline","Decline",0,"1"
"170318252002","Growth","Growth",1,"3"
"170318253021","Growth","Growth",1,"3"
"170318253022","Growth","Growth",1,"3"
"170318253023","Growth","Growth",1,"3"
"170318253031","Growth","Growth",1,"3"
"170318253032","Growth","Growth",1,"3"
"170318253033","Growth","Growth",1,"3"
"170318253034","Growth","Growth",1,"3"
"170318253041","Growth","Growth",1,"3"
"170318253042","Growth","Growth",1,"3"
"170318254001","Decline","Decline",0,"1"
"170318254002","Growth","Growth",1,"3"
"170318254003","Growth","Growth",1,"3"
"170318255011","Growth","Growth",1,"3"
"170318255012","Growth","Growth",1,"3"
"170318255013","Growth","Growth",1,"3"
"170318255031","Decline","Decline",0,"1"
"170318255034","Growth","Growth",1,"3"
"170318255035","Decline","Decline",0,"1"
"170318255041","Growth","Growth",1,"3"
"170318255042","Growth","Growth",1,"3"
"170318255051","Growth","Growth",1,"3"
"170318255052","Growth","Growth",1,"3"
"170318255053","Stable","Stable",7.29114426026166e-237,"2"
"170318255054","Growth","Growth",1,"3"
"170318256001","Growth","Growth",1,"3"
"170318256002","Growth","Growth",1,"3"
"170318256003","Growth","Growth",1,"3"
"170318257001","Growth","Growth",1,"3"
"170318257002","Growth","Growth",1,"3"
"170318257003","Growth","Growth",1,"3"
"170318258011","Growth","Growth",1,"3"
"170318258012","Growth","Growth",1,"3"
"170318258013","Growth","Growth",1,"3"
"170318258021","Growth","Growth",1,"3"
"170318258022","Growth","Growth",1,"3"
"170318258023","Growth","Growth",1,"3"
"170318258031","Growth","Growth",1,"3"
"170318258032","Growth","Growth",1,"3"
"170318258033","Growth","Growth",1,"3"
"170318258034","Growth","Growth",1,"3"
"170318258035","Growth","Growth",1,"3"
"170318259002","Growth","Growth",1,"3"
"170318259003","Decline","Decline",0,"1"
"170318260003","Growth","Growth",1,"3"
"170318261002","Growth","Growth",1,"3"
"170318261004","Growth","Growth",1,"3"
"170318261006","Growth","Growth",1,"3"
"170318262012","Growth","Growth",1,"3"
"170318262013","Growth","Growth",1,"3"
"170318262014","Growth","Growth",1,"3"
"170318262021","Growth","Growth",1,"3"
"170318262022","Growth","Growth",1,"3"
"170318262025","Growth","Growth",1,"3"
"170318263011","Growth","Growth",1,"3"
"170318263012","Decline","Decline",0,"1"
"170318263013","Growth","Growth",1,"3"
"170318263031","Growth","Growth",1,"3"
"170318263032","Growth","Growth",1,"3"
"170318263034","Growth","Growth",1,"3"
"170318263041","Growth","Growth",1,"3"
"170318263042","Growth","Growth",1,"3"
"170318264011","Decline","Decline",0,"1"
"170318264012","Growth","Growth",1,"3"
"170318264021","Growth","Growth",1,"3"
"170318264022","Decline","Decline",0,"1"
"170318264023","Decline","Decline",0,"1"
"170318264024","Decline","Decline",0,"1"
"170318264025","Growth","Growth",1,"3"
"170318265001","Stable","Stable",5.43032304130927e-12,"2"
"170318265003","Growth","Growth",1,"3"
"170318265004","Growth","Growth",1,"3"
"170318266001","Growth","Growth",1,"3"
"170318266002","Decline","Decline",0,"1"
"170318266003","Growth","Growth",1,"3"
"170318266004","Growth","Growth",1,"3"
"170318266005","Decline","Decline",0,"1"
"170318267003","Growth","Growth",1,"3"
"170318267004","Growth","Growth",1,"3"
"170318268001","Growth","Growth",1,"3"
"170318268002","Decline","Decline",0,"1"
"170318268003","Growth","Growth",1,"3"
"170318268004","Growth","Growth",1,"3"
"170318269011","Stable","Stable",1.06132502005269e-117,"2"
"170318269022","Growth","Growth",1,"3"
"170318270001","Growth","Growth",1,"3"
"170318270002","Growth","Growth",1,"3"
"170318271001","Growth","Growth",1,"3"
"170318271002","Growth","Growth",1,"3"
"170318271003","Growth","Growth",1,"3"
"170318272001","Growth","Growth",1,"3"
"170318272002","Decline","Decline",0,"1"
"170318272003","Decline","Decline",0,"1"
"170318273001","Decline","Decline",0,"1"
"170318273002","Growth","Growth",1,"3"
"170318273003","Growth","Growth",1,"3"
"170318274001","Growth","Growth",1,"3"
"170318274003","Decline","Decline",0,"1"
"170318274004","Growth","Growth",1,"3"
"170318275001","Growth","Growth",1,"3"
"170318275003","Growth","Growth",1,"3"
"170318276001","Growth","Growth",1,"3"
"170318276002","Growth","Growth",1,"3"
"170318276003","Growth","Growth",1,"3"
"170318277001","Growth","Growth",1,"3"
"170318277002","Growth","Growth",1,"3"
"170318278011","Growth","Growth",1,"3"
"170318278012","Growth","Growth",1,"3"
"170318278013","Growth","Growth",1,"3"
"170318278014","Stable","Stable",1.07233825204962e-250,"2"
"170318278021","Growth","Growth",1,"3"
"170318278022","Growth","Growth",1,"3"
"170318278041","Decline","Decline",0,"1"
"170318278042","Growth","Growth",1,"3"
"170318278051","Decline","Decline",0,"1"
"170318278052","Growth","Growth",1,"3"
"170318278053","Growth","Growth",1,"3"
"170318279011","Growth","Growth",1,"3"
"170318279012","Growth","Growth",1,"3"
"170318279021","Decline","Decline",0,"1"
"170318279022","Growth","Growth",1,"3"
"170318279023","Growth","Growth",1,"3"
"170318279024","Growth","Growth",1,"3"
"170318279025","Decline","Decline",0,"1"
"170318280002","Growth","Growth",1,"3"
"170318280003","Growth","Growth",1,"3"
"170318280004","Stable","Stable",5.0883759405931e-09,"2"
"170318281002","Growth","Growth",1,"3"
"170318281004","Stable","Stable",2.12509392908567e-46,"2"
"170318282011","Growth","Growth",1,"3"
"170318282012","Decline","Decline",0,"1"
"170318282013","Growth","Growth",1,"3"
"170318282021","Growth","Growth",1,"3"
"170318282023","Growth","Growth",1,"3"
"170318282024","Growth","Growth",1,"3"
"170318283001","Growth","Growth",1,"3"
"170318283002","Growth","Growth",1,"3"
"170318284011","Growth","Growth",1,"3"
"170318284012","Stable","Stable",3.20944070222181e-48,"2"
"170318284013","Decline","Decline",0,"1"
"170318284014","Growth","Growth",1,"3"
"170318284021","Growth","Growth",1,"3"
"170318284022","Growth","Growth",1,"3"
"170318284023","Growth","Growth",1,"3"
"170318285032","Decline","Decline",0,"1"
"170318285033","Growth","Growth",1,"3"
"170318285041","Stable","Stable",2.82881257523176e-81,"2"
"170318285042","Growth","Growth",1,"3"
"170318285043","Growth","Growth",1,"3"
"170318285044","Growth","Growth",1,"3"
"170318285051","Growth","Growth",1,"3"
"170318285052","Growth","Growth",1,"3"
"170318285053","Growth","Growth",1,"3"
"170318285054","Growth","Growth",1,"3"
"170318285055","Growth","Growth",1,"3"
"170318285061","Stable","Stable",1.80333275174375e-66,"2"
"170318285062","Decline","Decline",0,"1"
"170318285063","Growth","Growth",1,"3"
"170318285065","Growth","Growth",1,"3"
"170318285066","Growth","Growth",1,"3"
"170318285071","Stable","Stable",4.16839567535304e-160,"2"
"170318285072","Growth","Growth",1,"3"
"170318285081","Growth","Growth",1,"3"
"170318285083","Decline","Decline",0,"1"
"170318286011","Growth","Growth",1,"3"
"170318286012","Growth","Growth",1,"3"
"170318286013","Growth","Growth",1,"3"
"170318286014","Growth","Growth",1,"3"
"170318286021","Growth","Growth",1,"3"
"170318286022","Stable","Stable",4.87259305772223e-122,"2"
"170318287011","Growth","Growth",1,"3"
"170318287012","Growth","Growth",1,"3"
"170318287013","Decline","Decline",0,"1"
"170318287014","Decline","Decline",0,"1"
"170318287021","Growth","Growth",1,"3"
"170318287022","Growth","Growth",1,"3"
"170318287023","Growth","Growth",1,"3"
"170318288011","Growth","Growth",1,"3"
"170318288012","Growth","Growth",1,"3"
"170318288013","Growth","Growth",1,"3"
"170318288014","Growth","Growth",1,"3"
"170318288015","Growth","Growth",1,"3"
"170318288021","Decline","Decline",0,"1"
"170318288022","Growth","Growth",1,"3"
"170318288023","Decline","Decline",0,"1"
"170318289001","Growth","Growth",1,"3"
"170318290002","Growth","Growth",1,"3"
"170318291001","Growth","Growth",1,"3"
"170318292001","Decline","Decline",0,"1"
"170318292002","Growth","Growth",1,"3"
"170318292003","Growth","Growth",1,"3"
"170318292004","Decline","Decline",0,"1"
"170318293011","Growth","Growth",1,"3"
"170318293012","Growth","Growth",1,"3"
"170318293021","Stable","Stable",2.23490318841545e-61,"2"
"170318293023","Growth","Growth",1,"3"
"170318294011","Growth","Growth",1,"3"
"170318294021","Growth","Growth",1,"3"
"170318294022","Decline","Decline",0,"1"
"170318294023","Growth","Growth",1,"3"
"170318295001","Growth","Growth",1,"3"
"170318295003","Growth","Growth",1,"3"
"170318296001","Growth","Growth",1,"3"
"170318296002","Growth","Growth",1,"3"
"170318296003","Growth","Growth",1,"3"
"170318297002","Growth","Growth",1,"3"
"170318297003","Growth","Growth",1,"3"
"170318298001","Growth","Growth",1,"3"
"170318298002","Growth","Growth",1,"3"
"170318298003","Growth","Growth",1,"3"
"170318298004","Growth","Growth",1,"3"
"170318298005","Growth","Growth",1,"3"
"170318299011","Growth","Growth",1,"3"
"170318299012","Growth","Growth",1,"3"
"170318299014","Growth","Growth",1,"3"
"170318299022","Growth","Growth",1,"3"
"170318299023","Growth","Growth",1,"3"
"170318299024","Growth","Growth",1,"3"
"170318299031","Decline","Decline",0,"1"
"170318299033","Growth","Growth",1,"3"
"170318299041","Growth","Growth",1,"3"
"170318299042","Growth","Growth",1,"3"
"170318300011","Growth","Growth",1,"3"
"170318300012","Growth","Growth",1,"3"
"170318300031","Growth","Growth",1,"3"
"170318300032","Growth","Growth",1,"3"
"170318300033","Growth","Growth",1,"3"
"170318300034","Growth","Growth",1,"3"
"170318300042","Growth","Growth",1,"3"
"170318300043","Growth","Growth",1,"3"
"170318300044","Decline","Decline",0,"1"
"170318300051","Stable","Stable",1.98496630767576e-177,"2"
"170318300052","Decline","Decline",0,"1"
"170318300062","Growth","Growth",1,"3"
"170318300071","Growth","Growth",1,"3"
"170318300072","Growth","Growth",1,"3"
"170318300073","Growth","Growth",1,"3"
"170318300081","Growth","Growth",1,"3"
"170318300082","Growth","Growth",1,"3"
"170318300083","Stable","Stable",6.60616567835017e-288,"2"
"170318301001","Growth","Growth",1,"3"
"170318301002","Growth","Growth",1,"3"
"170318302011","Decline","Decline",0,"1"
"170318302012","Stable","Stable",2.73719828819351e-212,"2"
"170318302013","Growth","Growth",1,"3"
"170318302021","Decline","Decline",0,"1"
"170318302022","Decline","Decline",0,"1"
"170318303001","Growth","Growth",1,"3"
"170318303002","Growth","Growth",1,"3"
"170318303003","Growth","Growth",1,"3"
"170318303004","Growth","Growth",1,"3"
"170318304001","Stable","Stable",4.16155545860308e-173,"2"
"170318304002","Growth","Growth",1,"3"
"170318304003","Growth","Growth",1,"3"
"170318304004","Decline","Decline",0,"1"
"170318305001","Growth","Growth",1,"3"
"170318305002","Growth","Growth",1,"3"
"170318305003","Growth","Growth",1,"3"
"170318306001","Growth","Growth",1,"3"
"170318306002","Growth","Growth",1,"3"
"170318306003","Growth","Growth",1,"3"
"170318306004","Growth","Growth",1,"3"
"170318307001","Growth","Growth",1,"3"
"170318307002","Growth","Growth",1,"3"
"170318307003","Growth","Growth",1,"3"
"170318307004","Growth","Growth",1,"3"
"170318308001","Growth","Growth",1,"3"
"170318308002","Growth","Growth",1,"3"
"170318308003","Growth","Growth",1,"3"
"170318309001","Growth","Growth",1,"3"
"170318309002","Growth","Growth",1,"3"
"170318309003","Growth","Growth",1,"3"
"170318310001","Growth","Growth",1,"3"
"170318310002","Growth","Growth",1,"3"
"170318311001","Growth","Growth",1,"3"
"170318311002","Growth","Growth",1,"3"
"170318311003","Growth","Growth",1,"3"
"170318311004","Growth","Growth",1,"3"
"170318312001","Growth","Growth",1,"3"
"170318312002","Growth","Growth",1,"3"
"170318312003","Growth","Growth",1,"3"
"170318313001","Growth","Growth",1,"3"
"170318314002","Decline","Decline",0,"1"
"170318315001","Growth","Growth",1,"3"
"170318315002","Stable","Stable",1.31910500923501e-139,"2"
"170318316001","Growth","Growth",1,"3"
"170318316004","Growth","Growth",1,"3"
"170318316005","Growth","Growth",1,"3"
"170318316006","Growth","Growth",1,"3"
"170318317001","Decline","Decline",0,"1"
"170318318001","Growth","Growth",1,"3"
"170318318002","Stable","Stable",0,"2"
"170318318003","Growth","Growth",1,"3"
"170318318004","Growth","Growth",1,"3"
"170318319001","Growth","Growth",1,"3"
"170318319002","Growth","Growth",1,"3"
"170318320001","Growth","Growth",1,"3"
"170318321001","Growth","Growth",1,"3"
"170318321002","Growth","Growth",1,"3"
"170318321003","Growth","Growth",1,"3"
"170318322001","Growth","Growth",1,"3"
"170318322002","Growth","Growth",1,"3"
"170318322003","Growth","Growth",1,"3"
"170318323001","Growth","Growth",1,"3"
"170318324001","Growth","Growth",1,"3"
"170318324002","Growth","Growth",1,"3"
"170318325001","Growth","Growth",1,"3"
"170318325002","Growth","Growth",1,"3"
"170318326001","Growth","Growth",1,"3"
"170318326002","Growth","Growth",1,"3"
"170318326003","Growth","Growth",1,"3"
"170318329001","Growth","Growth",1,"3"
"170318329002","Growth","Growth",1,"3"
"170318330001","Growth","Growth",1,"3"
"170318331001","Growth","Growth",1,"3"
"170318331002","Growth","Growth",1,"3"
"170318331003","Growth","Growth",1,"3"
"170318331004","Growth","Growth",1,"3"
"170318333001","Growth","Growth",1,"3"
"170318339001","Growth","Growth",1,"3"
"170318339002","Growth","Growth",1,"3"
"170318340001","Growth","Growth",1,"3"
"170318340002","Decline","Decline",0,"1"
"170318342001","Growth","Growth",1,"3"
"170318342003","Growth","Growth",1,"3"
"170318343003","Growth","Growth",1,"3"
"170318343005","Growth","Growth",1,"3"
"170318343006","Growth","Growth",1,"3"
"170318344001","Growth","Growth",1,"3"
"170318344002","Growth","Growth",1,"3"
"170318344003","Decline","Decline",0,"1"
"170318345001","Growth","Growth",1,"3"
"170318346002","Growth","Growth",1,"3"
"170318346004","Growth","Growth",1,"3"
"170318347001","Decline","Decline",0,"1"
"170318347002","Growth","Growth",1,"3"
"170318347003","Growth","Growth",1,"3"
"170318348001","Stable","Stable",5.04465837077749e-27,"2"
"170318348002","Growth","Growth",1,"3"
"170318349001","Growth","Growth",1,"3"
"170318349002","Decline","Decline",0,"1"
"170318350001","Decline","Decline",0,"1"
"170318350003","Growth","Growth",1,"3"
"170318350004","Growth","Growth",1,"3"
"170318351001","Growth","Growth",1,"3"
"170318351003","Decline","Decline",0,"1"
"170318351004","Growth","Growth",1,"3"
"170318352001","Growth","Growth",1,"3"
"170318355001","Growth","Growth",0.999999999999993,"3"
"170318355002","Decline","Decline",0,"1"
"170318356001","Decline","Decline",0,"1"
"170318356002","Stable","Stable",6.43259415594074e-118,"2"
"170318357001","Growth","Growth",1,"3"
"170318358001","Growth","Growth",1,"3"
"170318359001","Decline","Decline",0,"1"
"170318359002","Stable","Stable",5.21885496261013e-133,"2"
"170318359003","Growth","Growth",1,"3"
"170318360002","Growth","Growth",1,"3"
"170318361001","Decline","Decline",0,"1"
"170318361003","Stable","Decline",3.83940763874813e-109,"Disagreement"
"170318363001","Growth","Growth",1,"3"
"170318363002","Decline","Decline",0,"1"
"170318364001","Decline","Decline",0,"1"
"170318364002","Decline","Decline",0,"1"
"170318364003","Growth","Growth",1,"3"
"170318365001","Growth","Growth",1,"3"
"170318366001","Growth","Growth",1,"3"
"170318367002","Growth","Growth",1,"3"
"170318368001","Growth","Growth",1,"3"
"170318368002","Growth","Growth",1,"3"
"170318371001","Decline","Decline",0,"1"
"170318371002","Growth","Growth",1,"3"
"170318373001","Decline","Decline",0,"1"
"170318373002","Growth","Growth",1,"3"
"170318374002","Growth","Growth",1,"3"
"170318378001","Decline","Decline",0,"1"
"170318378002","Decline","Decline",0,"1"
"170318380001","Growth","Growth",1,"3"
"170318380002","Growth","Growth",1,"3"
"170318381003","Decline","Decline",0,"1"
"170318382001","Growth","Growth",1,"3"
"170318382002","Growth","Growth",1,"3"
"170318383001","Growth","Growth",1,"3"
"170318383002","Growth","Growth",1,"3"
"170318386001","Growth","Growth",0.99999999999995,"3"
"170318387001","Growth","Growth",1,"3"
"170318387002","Growth","Growth",1,"3"
"170318387003","Growth","Growth",1,"3"
"170318387004","Decline","Decline",0,"1"
"170318388002","Growth","Growth",1,"3"
"170318390001","Growth","Growth",1,"3"
"170318390002","Growth","Growth",1,"3"
"170318391001","Growth","Growth",1,"3"
"170318391002","Growth","Growth",1,"3"
"170318392001","Growth","Growth",1,"3"
"170318392002","Decline","Decline",0,"1"
"170318392003","Growth","Growth",1,"3"
"170318395001","Growth","Growth",1,"3"
"170318397001","Growth","Growth",1,"3"
"170318397002","Growth","Growth",1,"3"
"170318397003","Growth","Growth",1,"3"
"170318398002","Growth","Growth",1,"3"
"170318398003","Growth","Growth",1,"3"
"170318399001","Growth","Growth",1,"3"
"170318399002","Growth","Growth",1,"3"
"170318399003","Growth","Growth",1,"3"
"170318399004","Growth","Growth",1,"3"
"170318399005","Growth","Growth",1,"3"
"170318400001","Growth","Growth",1,"3"
"170318400002","Decline","Decline",0,"1"
"170318401001","Growth","Growth",1,"3"
"170318401002","Growth","Growth",1,"3"
"170318402001","Growth","Growth",1,"3"
"170318403002","Growth","Growth",1,"3"
"170318403003","Growth","Growth",1,"3"
"170318404002","Growth","Growth",1,"3"
"170318407001","Growth","Growth",1,"3"
"170318407003","Growth","Growth",1,"3"
"170318408001","Stable","Growth",1.16092371680917e-35,"Disagreement"
"170318408002","Growth","Growth",1,"3"
"170318410001","Growth","Growth",1,"3"
"170318411002","Growth","Growth",1,"3"
"170318411003","Growth","Growth",1,"3"
"170318412001","Stable","Stable",8.06152063385595e-86,"2"
"170318412002","Growth","Growth",1,"3"
"170318412003","Growth","Growth",1,"3"
"170318413001","Growth","Growth",1,"3"
"170318413003","Growth","Growth",1,"3"
"170318414001","Growth","Growth",1,"3"
"170318415001","Growth","Growth",1,"3"
"170318415002","Growth","Growth",1,"3"
"170318416001","Growth","Growth",1,"3"
"170318417001","Growth","Growth",1,"3"
"170318418001","Growth","Growth",1,"3"
"170318418002","Growth","Growth",1,"3"
"170318419001","Growth","Growth",1,"3"
"170318419002","Growth","Growth",1,"3"
"170318420001","Growth","Growth",1,"3"
"170318420002","Growth","Growth",1,"3"
"170318421002","Growth","Growth",1,"3"
"170318421005","Growth","Growth",1,"3"
"170318421006","Growth","Growth",1,"3"
"170318422001","Growth","Growth",1,"3"
"170318423001","Growth","Growth",1,"3"
"170318423002","Growth","Growth",1,"3"
"170318424001","Growth","Growth",0.999999999999954,"3"
"170318424002","Growth","Growth",1,"3"
"170318424003","Growth","Growth",1,"3"
"170318425001","Growth","Growth",1,"3"
"170318426003","Growth","Growth",1,"3"
"170318426004","Growth","Growth",1,"3"
"170318428001","Growth","Growth",1,"3"
"170318428002","Growth","Growth",1,"3"
"170318428003","Growth","Growth",1,"3"
"170318428004","Decline","Decline",0,"1"
"170318428005","Growth","Growth",1,"3"
"170318428006","Growth","Growth",1,"3"
"170318429001","Decline","Decline",0,"1"
"170318429002","Growth","Growth",1,"3"
"170318429003","Decline","Decline",0,"1"
"170318430001","Growth","Growth",1,"3"
"170318430002","Growth","Growth",1,"3"
"170318431001","Growth","Growth",1,"3"
"170318431002","Growth","Growth",1,"3"
"170318432001","Growth","Growth",1,"3"
"170318432002","Growth","Growth",1,"3"
"170318433001","Growth","Growth",1,"3"
"170318434001","Growth","Growth",1,"3"
"170318435001","Growth","Growth",1,"3"
"170318436002","Growth","Growth",1,"3"
"170318437001","Growth","Growth",1,"3"
"170318437002","Growth","Growth",1,"3"
"170318438001","Growth","Growth",1,"3"
"170318439003","Growth","Growth",1,"3"
"170318439005","Decline","Decline",0,"1"
"170318446001","Growth","Growth",1,"3"
"170318447001","Decline","Decline",0,"1"
"170318447003","Growth","Growth",1,"3"
